QB,RB,RB,WR,WR,WR,TE,FLEX,DST
Jared Goff (44220222),Chuba Hubbard (44220330),Bhayshul Tuten (44220340),Garrett Wilson (44220634),Jameson Williams (44220656),Jaxon Smith-Njigba (44220610),Sam LaPorta (44221120),George Kittle (44221112),Las Vegas Raiders (44221413)
Geno Smith (44220240),Breece Hall (44220324),Bhayshul Tuten (44220340),Garrett Wilson (44220634),Amon-Ra St. Brown (44220614),Tre Tucker (44220672),Sam LaPorta (44221120),Chase Brown (44220320),Baltimore Ravens (44221410)
Jared Goff (44220222),David Montgomery (44220332),Jahmyr Gibbs (44220302),Garrett Wilson (44220634),Amon-Ra St. Brown (44220614),Tre Tucker (44220672),Brenton Strange (44221140),Kenyon Sadiq (44221138),Buffalo Bills (44221409)
Geno Smith (44220240),Bhayshul Tuten (44220340),Jahmyr Gibbs (44220302),Garrett Wilson (44220634),Amon-Ra St. Brown (44220614),Michael Wilson (44220664),Kenyon Sadiq (44221138),George Kittle (44221112),Cincinnati Bengals (44221407)
Jared Goff (44220222),James Cook III (44220314),Breece Hall (44220324),Jameson Williams (44220656),Quentin Johnston (44220674),Michael Wilson (44220664),Kenyon Sadiq (44221138),Jahmyr Gibbs (44220302),Las Vegas Raiders (44221413)
Josh Allen (44220217),James Cook III (44220314),Jahmyr Gibbs (44220302),Ja'Marr Chase (44220612),Jameson Williams (44220656),Isaiah Williams (44220780),Oronde Gadsden (44221136),Kenyon Sadiq (44221138),Cleveland Browns (44221416)
Geno Smith (44220240),Jahmyr Gibbs (44220302),TreVeyon Henderson (44220354),Garrett Wilson (44220634),Chris Olave (44220620),Isaiah Williams (44220780),Sam LaPorta (44221120),Brock Bowers (44221106),New York Giants (44221402)
Geno Smith (44220240),Jahmyr Gibbs (44220302),Ashton Jeanty (44220312),Garrett Wilson (44220634),Rashod Bateman (44220684),Chris Olave (44220620),Sam LaPorta (44221120),Kenyon Sadiq (44221138),Minnesota Vikings (44221405)
Jacoby Brissett (44220241),Derrick Henry (44220306),Ashton Jeanty (44220312),Deebo Samuel Sr. (44220662),Michael Wilson (44220664),Devaughn Vele (44220700),George Kittle (44221112),Trey McBride (44221104),Kansas City Chiefs (44221399)
Lamar Jackson (44220218),Derrick Henry (44220306),Jaylen Warren (44220338),Deebo Samuel Sr. (44220662),Michael Wilson (44220664),Devaughn Vele (44220700),George Kittle (44221112),Brock Bowers (44221106),Las Vegas Raiders (44221413)
Trevor Lawrence (44220228),Derrick Henry (44220306),Jahmyr Gibbs (44220302),Parker Washington (44220640),Brian Thomas Jr. (44220690),Ted Hurst III (44220812),Dalton Schultz (44221122),Ashton Jeanty (44220312),Cincinnati Bengals (44221407)
Jacoby Brissett (44220241),Jaylen Warren (44220338),Jahmyr Gibbs (44220302),George Pickens (44220628),Deebo Samuel Sr. (44220662),Michael Wilson (44220664),George Kittle (44221112),TreVeyon Henderson (44220354),New York Giants (44221402)
Brock Purdy (44220221),Bhayshul Tuten (44220340),TreVeyon Henderson (44220354),Deebo Samuel Sr. (44220662),Parker Washington (44220640),Michael Wilson (44220664),George Kittle (44221112),Derrick Henry (44220306),Kansas City Chiefs (44221399)
Brock Purdy (44220221),Bhayshul Tuten (44220340),Jaylen Warren (44220338),Deebo Samuel Sr. (44220662),Parker Washington (44220640),Michael Wilson (44220664),George Kittle (44221112),Derrick Henry (44220306),Minnesota Vikings (44221405)
Trevor Lawrence (44220228),Kenneth Walker III (44220310),Bhayshul Tuten (44220340),Deebo Samuel Sr. (44220662),Romeo Doubs (44220666),Parker Washington (44220640),George Kittle (44221112),Trey McBride (44221104),New York Giants (44221402)
Drake Maye (44220224),James Cook III (44220314),Christian McCaffrey (44220304),Romeo Doubs (44220666),Rashee Rice (44220632),Parker Washington (44220640),Hunter Henry (44221128),Brian Thomas Jr. (44220690),Pittsburgh Steelers (44221412)
Patrick Mahomes (44220223),James Cook III (44220314),Emmett Johnson (44220384),Mike Evans (44220626),Parker Washington (44220640),Tyquan Thornton (44220770),Brock Bowers (44221106),Chris Olave (44220620),Las Vegas Raiders (44221413)
Drake Maye (44220224),James Cook III (44220314),TreVeyon Henderson (44220354),Rashee Rice (44220632),Parker Washington (44220640),Devaughn Vele (44220700),George Kittle (44221112),Ashton Jeanty (44220312),Minnesota Vikings (44221405)
Justin Herbert (44220227),James Cook III (44220314),TreVeyon Henderson (44220354),Rashee Rice (44220632),Parker Washington (44220640),Ladd McConkey (44220644),Hunter Henry (44221128),Bhayshul Tuten (44220340),Seattle Seahawks (44221398)
Trevor Lawrence (44220228),Bhayshul Tuten (44220340),Jahmyr Gibbs (44220302),Romeo Doubs (44220666),Tyquan Thornton (44220770),Parker Washington (44220640),Hunter Henry (44221128),Derrick Henry (44220306),Minnesota Vikings (44221405)
Trevor Lawrence (44220228),James Cook III (44220314),Chuba Hubbard (44220330),Mack Hollins (44220712),Parker Washington (44220640),Ladd McConkey (44220644),Trey McBride (44221104),Bhayshul Tuten (44220340),Cincinnati Bengals (44221407)
Justin Herbert (44220227),James Cook III (44220314),TreVeyon Henderson (44220354),Mack Hollins (44220712),Michael Wilson (44220664),Ladd McConkey (44220644),Dalton Kincaid (44221108),Derrick Henry (44220306),New York Giants (44221402)
Tyler Shough (44220232),David Montgomery (44220332),Christian McCaffrey (44220304),Tyquan Thornton (44220770),Devaughn Vele (44220700),Ladd McConkey (44220644),George Kittle (44221112),Ashton Jeanty (44220312),Kansas City Chiefs (44221399)
Patrick Mahomes (44220223),David Montgomery (44220332),Bhayshul Tuten (44220340),Mike Evans (44220626),Tyquan Thornton (44220770),Rashee Rice (44220632),George Kittle (44221112),Ashton Jeanty (44220312),Seattle Seahawks (44221398)
Patrick Mahomes (44220223),James Cook III (44220314),Jaylen Warren (44220338),Deebo Samuel Sr. (44220662),Tyquan Thornton (44220770),Rashee Rice (44220632),George Kittle (44221112),Jahmyr Gibbs (44220302),Las Vegas Raiders (44221413)
Tyler Shough (44220232),Jaylen Warren (44220338),Chuba Hubbard (44220330),Chris Olave (44220620),Tyquan Thornton (44220770),Parker Washington (44220640),George Kittle (44221112),Jahmyr Gibbs (44220302),Pittsburgh Steelers (44221412)
Patrick Mahomes (44220223),Kenneth Walker III (44220310),David Montgomery (44220332),Joshua Palmer (44220756),Amon-Ra St. Brown (44220614),Parker Washington (44220640),Travis Kelce (44221116),George Kittle (44221112),New York Giants (44221402)
Tyler Shough (44220232),James Cook III (44220314),Breece Hall (44220324),Chris Olave (44220620),Quentin Johnston (44220674),Tre Tucker (44220672),Trey McBride (44221104),Devaughn Vele (44220700),Minnesota Vikings (44221405)
Jared Goff (44220222),Jahmyr Gibbs (44220302),TreVeyon Henderson (44220354),Garrett Wilson (44220634),Jameson Williams (44220656),Tre Tucker (44220672),Oronde Gadsden (44221136),Trey McBride (44221104),Las Vegas Raiders (44221413)
Brock Purdy (44220221),Breece Hall (44220324),Kaelon Black (44220366),Tee Higgins (44220638),Mike Evans (44220626),Michael Wilson (44220664),Hunter Henry (44221128),Emeka Egbuka (44220636),Seattle Seahawks (44221398)
Geno Smith (44220240),Derrick Henry (44220306),David Montgomery (44220332),Michael Wilson (44220664),Garrett Wilson (44220634),Amon-Ra St. Brown (44220614),Sam LaPorta (44221120),Kenyon Sadiq (44221138),Seattle Seahawks (44221398)
Jared Goff (44220222),Chase Brown (44220320),TreVeyon Henderson (44220354),Garrett Wilson (44220634),Amon-Ra St. Brown (44220614),Emeka Egbuka (44220636),Sam LaPorta (44221120),Kenyon Sadiq (44221138),Kansas City Chiefs (44221399)
Geno Smith (44220240),Jahmyr Gibbs (44220302),Ashton Jeanty (44220312),Garrett Wilson (44220634),Mike Evans (44220626),Michael Wilson (44220664),Sam LaPorta (44221120),Kenyon Sadiq (44221138),Minnesota Vikings (44221405)
Drake Maye (44220224),James Cook III (44220314),Jahmyr Gibbs (44220302),Garrett Wilson (44220634),Romeo Doubs (44220666),Jameson Williams (44220656),Oronde Gadsden (44221136),Kenyon Sadiq (44221138),Seattle Seahawks (44221398)
Jared Goff (44220222),Breece Hall (44220324),Jahmyr Gibbs (44220302),Jameson Williams (44220656),Isaiah Williams (44220780),Ladd McConkey (44220644),Dalton Kincaid (44221108),Bhayshul Tuten (44220340),Las Vegas Raiders (44221413)
Jared Goff (44220222),Breece Hall (44220324),Jahmyr Gibbs (44220302),Jameson Williams (44220656),Tre Tucker (44220672),Isaiah Williams (44220780),Juwan Johnson (44221132),Derrick Henry (44220306),New York Giants (44221402)
Geno Smith (44220240),Breece Hall (44220324),Chase Brown (44220320),Amon-Ra St. Brown (44220614),Tre Tucker (44220672),Isaiah Williams (44220780),Juwan Johnson (44221132),Jahmyr Gibbs (44220302),New York Giants (44221402)
Brock Purdy (44220221),James Cook III (44220314),Chase Brown (44220320),Deebo Samuel Sr. (44220662),Tre Tucker (44220672),Michael Wilson (44220664),George Kittle (44221112),Trey McBride (44221104),Las Vegas Raiders (44221413)
Jacoby Brissett (44220241),James Cook III (44220314),Jahmyr Gibbs (44220302),Deebo Samuel Sr. (44220662),Michael Wilson (44220664),Devaughn Vele (44220700),George Kittle (44221112),Ashton Jeanty (44220312),Pittsburgh Steelers (44221412)
Jacoby Brissett (44220241),James Cook III (44220314),Jahmyr Gibbs (44220302),Parker Washington (44220640),Deebo Samuel Sr. (44220662),Michael Wilson (44220664),George Kittle (44221112),TreVeyon Henderson (44220354),Pittsburgh Steelers (44221412)
Brock Purdy (44220221),Jaylen Warren (44220338),Bhayshul Tuten (44220340),Rashod Bateman (44220684),Deebo Samuel Sr. (44220662),Brian Thomas Jr. (44220690),Trey McBride (44221104),Christian McCaffrey (44220304),Las Vegas Raiders (44221413)
Lamar Jackson (44220218),Bhayshul Tuten (44220340),TreVeyon Henderson (44220354),Deebo Samuel Sr. (44220662),Parker Washington (44220640),Michael Wilson (44220664),George Kittle (44221112),Derrick Henry (44220306),Las Vegas Raiders (44221413)
Brock Purdy (44220221),Christian McCaffrey (44220304),TreVeyon Henderson (44220354),Garrett Wilson (44220634),Romeo Doubs (44220666),Devaughn Vele (44220700),George Kittle (44221112),Trey McBride (44221104),Pittsburgh Steelers (44221412)
C.J. Stroud (44220230),James Cook III (44220314),David Montgomery (44220332),Tee Higgins (44220638),Romeo Doubs (44220666),Parker Washington (44220640),Juwan Johnson (44221132),Ashton Jeanty (44220312),Cincinnati Bengals (44221407)
Jacoby Brissett (44220241),James Cook III (44220314),Bhayshul Tuten (44220340),Chris Olave (44220620),Deebo Samuel Sr. (44220662),Michael Wilson (44220664),Travis Kelce (44221116),Ashton Jeanty (44220312),New York Giants (44221402)
Drake Maye (44220224),James Cook III (44220314),Jaylen Warren (44220338),Mike Evans (44220626),Romeo Doubs (44220666),Quentin Johnston (44220674),Trey McBride (44221104),TreVeyon Henderson (44220354),Las Vegas Raiders (44221413)
Trevor Lawrence (44220228),James Cook III (44220314),Jaylen Warren (44220338),Romeo Doubs (44220666),Quentin Johnston (44220674),Parker Washington (44220640),Trey McBride (44221104),Bhayshul Tuten (44220340),New York Giants (44221402)
Drake Maye (44220224),James Cook III (44220314),TreVeyon Henderson (44220354),Quentin Johnston (44220674),Parker Washington (44220640),Brian Thomas Jr. (44220690),Hunter Henry (44221128),Derrick Henry (44220306),Seattle Seahawks (44221398)
Brock Purdy (44220221),Derrick Henry (44220306),Chase Brown (44220320),Deebo Samuel Sr. (44220662),Tyquan Thornton (44220770),Rashid Shaheed (44220714),George Kittle (44221112),Ashton Jeanty (44220312),Seattle Seahawks (44221398)
Brock Purdy (44220221),Chuba Hubbard (44220330),Jaylen Warren (44220338),Parker Washington (44220640),Deebo Samuel Sr. (44220662),Michael Wilson (44220664),George Kittle (44221112),Ashton Jeanty (44220312),Pittsburgh Steelers (44221412)
Jacoby Brissett (44220241),Christian McCaffrey (44220304),Jeremiyah Love (44220342),Amon-Ra St. Brown (44220614),Rashee Rice (44220632),Michael Wilson (44220664),Travis Kelce (44221116),George Kittle (44221112),Las Vegas Raiders (44221413)
Drake Maye (44220224),James Cook III (44220314),Chase Brown (44220320),Amon-Ra St. Brown (44220614),Tyquan Thornton (44220770),Parker Washington (44220640),George Kittle (44221112),TreVeyon Henderson (44220354),Minnesota Vikings (44221405)
Lamar Jackson (44220218),Omarion Hampton (44220316),Emmett Johnson (44220384),Amon-Ra St. Brown (44220614),Parker Washington (44220640),Devaughn Vele (44220700),Dalton Kincaid (44221108),George Kittle (44221112),Cleveland Browns (44221416)
Brock Purdy (44220221),Christian McCaffrey (44220304),Jeremiyah Love (44220342),Mike Evans (44220626),Romeo Doubs (44220666),Tre Tucker (44220672),Oronde Gadsden (44221136),Trey McBride (44221104),Las Vegas Raiders (44221413)
Josh Allen (44220217),James Cook III (44220314),Jaylen Warren (44220338),Quentin Johnston (44220674),Tre Tucker (44220672),Michael Wilson (44220664),Dalton Kincaid (44221108),TreVeyon Henderson (44220354),New York Giants (44221402)
Justin Herbert (44220227),James Cook III (44220314),Jaylen Warren (44220338),Quentin Johnston (44220674),Isaiah Williams (44220780),Ladd McConkey (44220644),Trey McBride (44221104),Chase Brown (44220320),Seattle Seahawks (44221398)
Jared Goff (44220222),Breece Hall (44220324),Chuba Hubbard (44220330),Parker Washington (44220640),Amon-Ra St. Brown (44220614),Jameson Williams (44220656),Kenyon Sadiq (44221138),TreVeyon Henderson (44220354),Pittsburgh Steelers (44221412)
Jared Goff (44220222),Breece Hall (44220324),Jaylen Warren (44220338),Jameson Williams (44220656),Rashee Rice (44220632),Tre Tucker (44220672),Kenyon Sadiq (44221138),Jahmyr Gibbs (44220302),Cleveland Browns (44221416)
Jared Goff (44220222),Breece Hall (44220324),Jahmyr Gibbs (44220302),Deebo Samuel Sr. (44220662),Jameson Williams (44220656),Michael Wilson (44220664),Kenyon Sadiq (44221138),TreVeyon Henderson (44220354),New York Giants (44221402)
Jared Goff (44220222),James Cook III (44220314),David Montgomery (44220332),Garrett Wilson (44220634),Amon-Ra St. Brown (44220614),Jameson Williams (44220656),Kenyon Sadiq (44221138),Quentin Johnston (44220674),Pittsburgh Steelers (44221412)
Jared Goff (44220222),James Cook III (44220314),Breece Hall (44220324),Amon-Ra St. Brown (44220614),Quentin Johnston (44220674),Isaiah Williams (44220780),Sam LaPorta (44221120),Chuba Hubbard (44220330),Kansas City Chiefs (44221399)
Josh Allen (44220217),Ashton Jeanty (44220312),Bhayshul Tuten (44220340),Garrett Wilson (44220634),Amon-Ra St. Brown (44220614),Jameson Williams (44220656),Kenyon Sadiq (44221138),Juwan Johnson (44221132),Cleveland Browns (44221416)
Jared Goff (44220222),David Montgomery (44220332),Jahmyr Gibbs (44220302),Amon-Ra St. Brown (44220614),Isaiah Williams (44220780),Devaughn Vele (44220700),Kenyon Sadiq (44221138),Ashton Jeanty (44220312),Pittsburgh Steelers (44221412)
Jacoby Brissett (44220241),David Montgomery (44220332),Bhayshul Tuten (44220340),Mike Evans (44220626),Deebo Samuel Sr. (44220662),Michael Wilson (44220664),Trey McBride (44221104),Brock Bowers (44221106),Las Vegas Raiders (44221413)
Brock Purdy (44220221),Chuba Hubbard (44220330),Chase Brown (44220320),Deebo Samuel Sr. (44220662),Michael Wilson (44220664),Jalen Coker (44220654),George Kittle (44221112),Ashton Jeanty (44220312),Cincinnati Bengals (44221407)
Tyler Shough (44220232),Chuba Hubbard (44220330),Christian McCaffrey (44220304),Chris Olave (44220620),Devaughn Vele (44220700),Ted Hurst III (44220812),Dalton Kincaid (44221108),Trey McBride (44221104),New York Giants (44221402)
Brock Purdy (44220221),Chuba Hubbard (44220330),Chase Brown (44220320),Deebo Samuel Sr. (44220662),Parker Washington (44220640),Michael Wilson (44220664),George Kittle (44221112),Bhayshul Tuten (44220340),Seattle Seahawks (44221398)
Brock Purdy (44220221),Derrick Henry (44220306),Bhayshul Tuten (44220340),Deebo Samuel Sr. (44220662),Romeo Doubs (44220666),Brian Thomas Jr. (44220690),George Kittle (44221112),Trey McBride (44221104),Kansas City Chiefs (44221399)
Patrick Mahomes (44220223),Bhayshul Tuten (44220340),TreVeyon Henderson (44220354),Mike Evans (44220626),Tyquan Thornton (44220770),Rashee Rice (44220632),Dalton Kincaid (44221108),Ashton Jeanty (44220312),Seattle Seahawks (44221398)
Justin Herbert (44220227),James Cook III (44220314),TreVeyon Henderson (44220354),Mike Evans (44220626),Parker Washington (44220640),Ladd McConkey (44220644),Hunter Henry (44221128),Bhayshul Tuten (44220340),Kansas City Chiefs (44221399)
Jacoby Brissett (44220241),James Cook III (44220314),TreVeyon Henderson (44220354),Romeo Doubs (44220666),Parker Washington (44220640),Brian Thomas Jr. (44220690),Trey McBride (44221104),Derrick Henry (44220306),Cincinnati Bengals (44221407)
Patrick Mahomes (44220223),David Montgomery (44220332),Chase Brown (44220320),Deebo Samuel Sr. (44220662),Tyquan Thornton (44220770),Rashee Rice (44220632),George Kittle (44221112),Ashton Jeanty (44220312),Kansas City Chiefs (44221399)
Patrick Mahomes (44220223),James Cook III (44220314),Chase Brown (44220320),Ja'Marr Chase (44220612),Tyquan Thornton (44220770),Brian Thomas Jr. (44220690),Travis Kelce (44221116),Ashton Jeanty (44220312),Las Vegas Raiders (44221413)
Tyler Shough (44220232),James Cook III (44220314),Bhayshul Tuten (44220340),Mike Evans (44220626),Parker Washington (44220640),Devaughn Vele (44220700),Sam LaPorta (44221120),Ashton Jeanty (44220312),New York Giants (44221402)
Drake Maye (44220224),Chase Brown (44220320),TreVeyon Henderson (44220354),Parker Washington (44220640),Isaiah Williams (44220780),Ladd McConkey (44220644),Trey McBride (44221104),Ashton Jeanty (44220312),Cincinnati Bengals (44221407)
Jared Goff (44220222),Breece Hall (44220324),TreVeyon Henderson (44220354),Garrett Wilson (44220634),Tee Higgins (44220638),Jameson Williams (44220656),Sam LaPorta (44221120),Ashton Jeanty (44220312),Las Vegas Raiders (44221413)
Josh Allen (44220217),Derrick Henry (44220306),Jahmyr Gibbs (44220302),Jameson Williams (44220656),Quentin Johnston (44220674),Isaiah Williams (44220780),Dalton Kincaid (44221108),Kenyon Sadiq (44221138),Pittsburgh Steelers (44221412)
Jared Goff (44220222),Jahmyr Gibbs (44220302),Ashton Jeanty (44220312),Amon-Ra St. Brown (44220614),Quentin Johnston (44220674),Isaiah Williams (44220780),Dalton Kincaid (44221108),Kenyon Sadiq (44221138),Cleveland Browns (44221416)
Lamar Jackson (44220218),Derrick Henry (44220306),Ashton Jeanty (44220312),Jameson Williams (44220656),Jaxon Smith-Njigba (44220610),Isaiah Williams (44220780),Sam LaPorta (44221120),Kenyon Sadiq (44221138),Cleveland Browns (44221416)
Jared Goff (44220222),Jahmyr Gibbs (44220302),Bhayshul Tuten (44220340),Garrett Wilson (44220634),Chris Olave (44220620),Tre Tucker (44220672),Sam LaPorta (44221120),Kenyon Sadiq (44221138),Cincinnati Bengals (44221407)
Jacoby Brissett (44220241),James Cook III (44220314),Bhayshul Tuten (44220340),Chris Olave (44220620),Deebo Samuel Sr. (44220662),Michael Wilson (44220664),George Kittle (44221112),Ashton Jeanty (44220312),Minnesota Vikings (44221405)
Jacoby Brissett (44220241),Jahmyr Gibbs (44220302),David Montgomery (44220332),Deebo Samuel Sr. (44220662),Rashid Shaheed (44220714),Michael Wilson (44220664),Dalton Kincaid (44221108),Derrick Henry (44220306),Cleveland Browns (44221416)
Brock Purdy (44220221),Bhayshul Tuten (44220340),TreVeyon Henderson (44220354),Deebo Samuel Sr. (44220662),Michael Wilson (44220664),Brian Thomas Jr. (44220690),George Kittle (44221112),Derrick Henry (44220306),Seattle Seahawks (44221398)
Drake Maye (44220224),Derrick Henry (44220306),TreVeyon Henderson (44220354),Rashee Rice (44220632),Parker Washington (44220640),Brian Thomas Jr. (44220690),George Kittle (44221112),Trey McBride (44221104),Cleveland Browns (44221416)
Trevor Lawrence (44220228),James Cook III (44220314),Jahmyr Gibbs (44220302),Romeo Doubs (44220666),Parker Washington (44220640),Michael Wilson (44220664),Hunter Henry (44221128),Bhayshul Tuten (44220340),Pittsburgh Steelers (44221412)
Patrick Mahomes (44220223),Derrick Henry (44220306),Jaylen Warren (44220338),Deebo Samuel Sr. (44220662),Tyquan Thornton (44220770),Rashee Rice (44220632),George Kittle (44221112),Kenneth Walker III (44220310),Minnesota Vikings (44221405)
Brock Purdy (44220221),Chase Brown (44220320),David Montgomery (44220332),Deebo Samuel Sr. (44220662),Tyquan Thornton (44220770),Rashee Rice (44220632),George Kittle (44221112),Derrick Henry (44220306),New York Giants (44221402)
Josh Allen (44220217),James Cook III (44220314),David Montgomery (44220332),Jameson Williams (44220656),Parker Washington (44220640),Devaughn Vele (44220700),Travis Kelce (44221116),TreVeyon Henderson (44220354),New York Giants (44221402)
Drake Maye (44220224),Jaylen Warren (44220338),Chase Brown (44220320),Tre Tucker (44220672),Parker Washington (44220640),Ladd McConkey (44220644),Trey McBride (44221104),TreVeyon Henderson (44220354),Cleveland Browns (44221416)
Josh Allen (44220217),James Cook III (44220314),Breece Hall (44220324),Jameson Williams (44220656),Isaiah Williams (44220780),Ladd McConkey (44220644),Sam LaPorta (44221120),Bhayshul Tuten (44220340),Seattle Seahawks (44221398)
Tyler Shough (44220232),Derrick Henry (44220306),Ashton Jeanty (44220312),Chris Olave (44220620),Amon-Ra St. Brown (44220614),Isaiah Williams (44220780),Sam LaPorta (44221120),Kenyon Sadiq (44221138),New York Giants (44221402)
Jared Goff (44220222),Chase Brown (44220320),Jahmyr Gibbs (44220302),Amon-Ra St. Brown (44220614),Tre Tucker (44220672),Isaiah Williams (44220780),Kenyon Sadiq (44221138),Devaughn Vele (44220700),Kansas City Chiefs (44221399)
Lamar Jackson (44220218),Jaylen Warren (44220338),David Montgomery (44220332),Mike Evans (44220626),Michael Wilson (44220664),Devaughn Vele (44220700),George Kittle (44221112),TreVeyon Henderson (44220354),Seattle Seahawks (44221398)
Brock Purdy (44220221),James Cook III (44220314),TreVeyon Henderson (44220354),Deebo Samuel Sr. (44220662),Brian Thomas Jr. (44220690),Ladd McConkey (44220644),George Kittle (44221112),Derrick Henry (44220306),Minnesota Vikings (44221405)
Drake Maye (44220224),Christian McCaffrey (44220304),TreVeyon Henderson (44220354),Romeo Doubs (44220666),Parker Washington (44220640),Brian Thomas Jr. (44220690),George Kittle (44221112),Trey McBride (44221104),Minnesota Vikings (44221405)
Justin Herbert (44220227),James Cook III (44220314),Chase Brown (44220320),Quentin Johnston (44220674),Rashee Rice (44220632),Ladd McConkey (44220644),Travis Kelce (44221116),Bhayshul Tuten (44220340),New York Giants (44221402)
Jared Goff (44220222),James Cook III (44220314),Jahmyr Gibbs (44220302),Ja'Marr Chase (44220612),Jameson Williams (44220656),Isaiah Williams (44220780),Oronde Gadsden (44221136),Kenyon Sadiq (44221138),Kansas City Chiefs (44221399)
Geno Smith (44220240),Breece Hall (44220324),David Montgomery (44220332),Garrett Wilson (44220634),Jameson Williams (44220656),Devaughn Vele (44220700),Sam LaPorta (44221120),Derrick Henry (44220306),Seattle Seahawks (44221398)
Jared Goff (44220222),Breece Hall (44220324),Jahmyr Gibbs (44220302),Jameson Williams (44220656),Isaiah Williams (44220780),Devaughn Vele (44220700),Brock Bowers (44221106),Bhayshul Tuten (44220340),Minnesota Vikings (44221405)
Jacoby Brissett (44220241),Bhayshul Tuten (44220340),David Montgomery (44220332),Mike Evans (44220626),Deebo Samuel Sr. (44220662),Michael Wilson (44220664),Dalton Kincaid (44221108),Derrick Henry (44220306),Minnesota Vikings (44221405)
Brock Purdy (44220221),Derrick Henry (44220306),TreVeyon Henderson (44220354),Mike Evans (44220626),Rashee Rice (44220632),Isaiah Williams (44220780),George Kittle (44221112),Trey McBride (44221104),Cleveland Browns (44221416)
Jared Goff (44220222),James Cook III (44220314),Breece Hall (44220324),Amon-Ra St. Brown (44220614),Isaiah Williams (44220780),Ladd McConkey (44220644),Sam LaPorta (44221120),Jaylen Warren (44220338),Pittsburgh Steelers (44221412)
Justin Herbert (44220227),James Cook III (44220314),TreVeyon Henderson (44220354),Mike Evans (44220626),Quentin Johnston (44220674),Ladd McConkey (44220644),George Kittle (44221112),Trey McBride (44221104),Cincinnati Bengals (44221407)
