Player,Team,Position,Opponent,Salary,Proj.,Ceiling,% ownership,Tm Own
Chase Brown,CIN,RB,JAX,"$6,100",16.25,21.95,26.42%,56.21%
Kenneth Walker III,KC,RB,LV,"$8,200",15.84,21.79,26.18%,46.50%
Christian McCaffrey,SF,RB,DEN,"$7,700",18.51,25.35,25.42%,48.07%
Parker Washington,JAX,WR,CIN,"$6,500",10.96,18.08,21.36%,52.76%
Aaron Jones Sr.,MIN,RB,MIA,"$6,000",11.26,15.75,19.29%,49.66%
Brock Bowers,LV,TE,KC,"$6,900",14.19,21.62,16.66%,41.13%
Cam Skattebo,NYG,RB,ARI,"$6,100",15.35,21.45,15.41%,34.95%
Ashton Jeanty,LV,RB,KC,"$7,100",12.58,17.57,15.30%,41.13%
Zay Flowers,BAL,WR,TEN,"$6,900",17.55,29.24,14.41%,38.23%
George Kittle,SF,TE,DEN,"$5,100",9.47,15.53,14.21%,48.07%
Trey McBride,ARI,TE,NYG,"$6,500",16.95,27.53,13.48%,41.71%
Bucky Irving,TB,RB,GB,"$6,000",11.43,16.08,12.28%,21.45%
George Pickens,DAL,WR,HOU,"$6,300",15.30,26.35,12.02%,36.51%
Jaxon Smith-Njigba,SEA,WR,LAC,"$9,100",19.66,32.14,12.01%,25.70%
Garrett Wilson,NYJ,WR,CHI,"$6,800",14.03,24.78,11.89%,27.09%
Jeremiyah Love,ARI,RB,NYG,"$5,800",17.20,23.64,11.69%,41.71%
Tee Higgins,CIN,WR,JAX,"$6,100",16.77,28.47,11.62%,56.21%
Nico Collins,HOU,WR,DAL,"$7,200",17.02,28.34,11.43%,30.08%
Matthew Golden,GB,WR,TB,"$5,400",13.64,24.47,11.37%,26.57%
Trevor Lawrence,JAX,QB,CIN,"$5,900",19.45,27.91,10.54%,52.76%
D'Andre Swift,CHI,RB,NYJ,"$6,400",12.95,18.09,10.14%,28.84%
Brenton Strange,JAX,TE,CIN,"$3,200",7.34,12.92,10.09%,52.76%
DeVonta Smith,PHI,WR,LAR,"$7,100",12.95,20.51,10.01%,20.07%
Ja'Marr Chase,CIN,WR,JAX,"$8,100",23.20,34.90,9.75%,56.21%
Kyren Williams,LAR,RB,PHI,"$5,900",13.55,18.82,9.74%,35.82%
Davante Adams,LAR,WR,PHI,"$7,000",11.29,18.21,9.62%,35.82%
Justin Jefferson,MIN,WR,MIA,"$7,300",18.72,30.13,9.61%,49.66%
James Cook III,BUF,RB,NE,"$7,400",17.04,23.66,9.34%,35.91%
Isaiah Likely,NYG,TE,ARI,"$4,500",8.99,14.89,9.33%,34.95%
Josh Allen,BUF,QB,NE,"$7,700",21.66,29.86,9.24%,35.91%
T.J. Hockenson,MIN,TE,MIA,"$3,300",8.02,13.18,9.15%,49.66%
Derrick Henry,BAL,RB,TEN,"$8,400",18.27,24.79,9.00%,38.23%
CeeDee Lamb,DAL,WR,HOU,"$7,800",19.06,30.86,8.95%,36.51%
Los Angeles Rams,LAR,DST,PHI,"$2,600",5.31,11.00,8.84%,35.82%
Puka Nacua,LAR,WR,PHI,"$7,500",18.86,30.21,8.70%,35.82%
Travis Kelce,KC,TE,LV,"$5,000",12.02,19.07,8.28%,46.50%
Mack Hollins,NE,WR,BUF,"$4,000",5.23,9.46,8.07%,30.03%
DJ Moore,BUF,WR,NE,"$5,700",12.54,19.64,7.95%,35.91%
Kyler Murray,MIN,QB,MIA,"$5,300",20.69,29.09,7.85%,49.66%
Luther Burden III,CHI,WR,NYJ,"$5,200",13.32,23.57,7.82%,28.84%
Mark Andrews,BAL,TE,TEN,"$4,200",11.00,17.23,7.75%,38.23%
Michael Wilson,ARI,WR,NYG,"$5,500",11.27,17.85,7.74%,41.71%
Arizona Cardinals,ARI,DST,NYG,"$2,500",5.32,11.00,7.68%,41.71%
Green Bay Packers,GB,DST,TB,"$3,200",7.61,14.00,7.38%,26.57%
Denver Broncos,DEN,DST,SF,"$2,500",4.63,10.00,6.90%,18.78%
Jacoby Brissett,ARI,QB,NYG,"$5,000",18.81,26.62,6.89%,41.71%
Jaylen Waddle,DEN,WR,SF,"$6,200",15.26,26.30,6.80%,18.78%
DeMario Douglas,NE,WR,BUF,"$3,500",5.54,10.20,6.69%,30.03%
Christian Watson,GB,WR,TB,"$6,700",17.47,28.74,6.54%,26.57%
Chicago Bears,CHI,DST,NYJ,"$3,000",7.31,14.00,6.43%,28.84%
Malik Nabers,NYG,WR,ARI,"$6,000",12.64,20.03,6.34%,34.95%
Braelon Allen,NYJ,RB,CHI,"$5,200",4.88,7.48,6.33%,27.09%
Malik Washington,MIA,WR,MIN,"$4,400",6.45,11.16,6.31%,12.89%
Hunter Henry,NE,TE,BUF,"$3,500",9.20,15.40,6.24%,30.03%
Javonte Williams,DAL,RB,HOU,"$6,600",13.15,17.74,6.20%,36.51%
C.J. Stroud,HOU,QB,DAL,"$5,700",20.11,28.60,6.04%,30.08%
New York Jets,NYJ,DST,CHI,"$2,400",3.59,9.00,5.96%,27.09%
Dalton Schultz,HOU,TE,DAL,"$4,800",8.45,13.80,5.96%,30.08%
Tucker Kraft,GB,TE,TB,"$4,400",13.06,23.25,5.66%,26.57%
David Montgomery,HOU,RB,DAL,"$5,700",12.64,17.23,5.64%,30.08%
Seattle Seahawks,SEA,DST,LAC,"$3,500",8.21,15.00,5.57%,25.70%
Ladd McConkey,LAC,WR,SEA,"$5,800",12.44,19.48,5.49%,14.56%
Dalton Kincaid,BUF,TE,NE,"$5,300",10.56,17.09,5.46%,35.91%
Joe Burrow,CIN,QB,JAX,"$6,800",20.22,28.86,5.39%,56.21%
Miami Dolphins,MIA,DST,MIN,"$2,000",5.05,10.00,5.31%,12.89%
Kalif Raymond,CHI,WR,NYJ,"$3,600",4.58,9.03,5.11%,28.84%
Minnesota Vikings,MIN,DST,MIA,"$4,000",8.60,15.00,5.04%,49.66%
Tyler Higbee,LAR,TE,PHI,"$3,100",2.73,6.45,4.97%,35.82%
Los Angeles Chargers,LAC,DST,SEA,"$2,200",4.50,10.00,4.87%,14.56%
Jadarian Price,SEA,RB,LAC,"$5,100",10.09,14.37,4.77%,25.70%
Ryan Flournoy,DAL,WR,HOU,"$3,800",7.01,12.26,4.77%,36.51%
Carnell Tate,TEN,WR,BAL,"$4,800",9.25,15.16,4.68%,12.05%
Dak Prescott,DAL,QB,HOU,"$6,400",19.59,28.28,4.57%,36.51%
Rashee Rice,KC,WR,LV,"$6,400",13.71,21.02,4.52%,46.50%
AJ Barner,SEA,TE,LAC,"$3,000",6.53,11.75,4.38%,25.70%
Saquon Barkley,PHI,RB,LAR,"$6,800",12.21,16.89,4.36%,20.07%
Tennessee Titans,TEN,DST,BAL,"$2,100",4.83,10.00,4.31%,12.05%
Bo Nix,DEN,QB,SF,"$5,600",17.61,24.84,4.31%,18.78%
Jakobi Meyers,JAX,WR,CIN,"$5,000",8.29,13.89,4.30%,52.76%
Lamar Jackson,BAL,QB,TEN,"$7,300",21.91,30.22,4.24%,38.23%
Patrick Mahomes,KC,QB,LV,"$6,500",18.70,26.80,4.10%,46.50%
Cade Otton,TB,TE,GB,"$3,400",6.80,12.28,3.96%,21.45%
Kirk Cousins,LV,QB,KC,"$5,100",16.44,24.84,3.96%,41.13%
Khalil Shakir,BUF,WR,NE,"$4,700",8.28,13.70,3.92%,35.91%
Jameis Winston,NYG,QB,ARI,"$4,500",16.30,23.84,3.86%,34.95%
Philadelphia Eagles,PHI,DST,LAR,"$2,700",3.44,8.00,3.81%,20.07%
Jordan Addison,MIN,WR,MIA,"$5,300",11.51,18.68,3.77%,49.66%
Dontayvion Wicks,PHI,WR,LAR,"$4,300",8.18,14.51,3.74%,20.07%
Drake Maye,NE,QB,BUF,"$6,000",18.24,26.35,3.71%,30.03%
Houston Texans,HOU,DST,DAL,"$2,900",4.55,9.00,3.70%,30.08%
Brock Purdy,SF,QB,DEN,"$6,700",17.09,24.13,3.47%,48.07%
Brian Thomas Jr.,JAX,WR,CIN,"$4,300",9.52,15.96,3.45%,52.76%
Rhamondre Stevenson,NE,RB,BUF,"$5,100",11.05,15.93,3.43%,30.03%
Xavier Worthy,KC,WR,LV,"$4,600",8.41,13.90,3.43%,46.50%
Mike Evans,SF,WR,DEN,"$6,600",12.51,22.84,3.33%,48.07%
Courtland Sutton,DEN,WR,SF,"$4,900",10.98,17.97,3.32%,18.78%
Adonai Mitchell,NYJ,WR,CHI,"$4,500",8.23,14.33,3.20%,27.09%
Cincinnati Bengals,CIN,DST,JAX,"$2,800",4.84,10.00,3.16%,56.21%
Baltimore Ravens,BAL,DST,TEN,"$3,800",5.46,11.00,3.16%,38.23%
Tampa Bay Buccaneers,TB,DST,GB,"$2,800",3.96,9.00,3.15%,21.45%
Sam Darnold,SEA,QB,LAC,"$5,500",16.49,25.11,3.12%,25.70%
Bhayshul Tuten,JAX,RB,CIN,"$5,600",11.21,15.64,3.01%,52.76%
Jordan Love,GB,QB,TB,"$5,800",21.67,30.60,2.99%,26.57%
Case Keenum,CHI,QB,NYJ,"$4,600",19.44,27.76,2.88%,28.84%
Jalon Daniels,TB,QB,GB,"$4,400",15.58,21.79,2.84%,21.45%
Rashod Bateman,BAL,WR,TEN,"$4,200",6.24,11.05,2.83%,38.23%
Buffalo Bills,BUF,DST,NE,"$3,300",6.17,12.00,2.81%,35.91%
Caleb Douglas,MIA,WR,MIN,"$3,900",8.63,14.69,2.73%,12.89%
Ted Hurst III,TB,WR,GB,"$3,100",5.37,10.01,2.36%,21.45%
Kenyon Sadiq,NYJ,TE,CHI,"$4,000",8.48,14.77,2.32%,27.09%
Wan'Dale Robinson,TEN,WR,BAL,"$4,600",9.60,15.73,2.31%,12.05%
Oronde Gadsden,LAC,TE,SEA,"$3,600",4.60,9.48,2.26%,14.56%
Gunnar Helm,TEN,TE,BAL,"$2,800",5.61,10.04,2.24%,12.05%
Geno Smith,NYJ,QB,CHI,"$5,200",15.18,21.91,2.05%,27.09%
Quentin Johnston,LAC,WR,SEA,"$4,800",10.37,17.33,2.03%,14.56%
New York Giants,NYG,DST,ARI,"$3,100",4.29,9.00,2.03%,34.95%
Michael Mayer,LV,TE,KC,"$3,400",4.38,8.15,1.98%,41.13%
Jalen Hurts,PHI,QB,LAR,"$6,600",15.91,21.50,1.96%,20.07%
Kendrick Bourne,ARI,WR,NYG,"$3,500",3.85,7.68,1.92%,41.71%
Justin Herbert,LAC,QB,SEA,"$5,400",15.44,21.84,1.91%,14.56%
Romeo Doubs,NE,WR,BUF,"$4,700",8.32,14.32,1.89%,30.03%
Tony Pollard,TEN,RB,BAL,"$5,400",9.60,13.69,1.87%,12.05%
Tre' Harris,LAC,WR,SEA,"$4,100",6.72,11.81,1.86%,14.56%
Jalen Nailor,LV,WR,KC,"$3,600",7.02,12.85,1.83%,41.13%
Matthew Stafford,LAR,QB,PHI,"$6,200",17.88,26.46,1.75%,35.82%
Rome Odunze,CHI,WR,NYJ,"$5,000",11.51,18.52,1.74%,28.84%
Mike Gesicki,CIN,TE,JAX,"$3,300",5.77,10.33,1.73%,56.21%
Kansas City Chiefs,KC,DST,LV,"$3,400",5.89,11.00,1.70%,46.50%
New England Patriots,NE,DST,BUF,"$2,300",4.80,10.00,1.68%,30.03%
Las Vegas Raiders,LV,DST,KC,"$2,400",5.90,12.00,1.68%,41.13%
Dallas Cowboys,DAL,DST,HOU,"$2,700",3.53,8.00,1.66%,36.51%
Deebo Samuel Sr.,SF,WR,DEN,"$5,600",9.48,15.76,1.64%,48.07%
San Francisco 49ers,SF,DST,DEN,"$2,900",4.00,9.00,1.62%,48.07%
Evan Engram,DEN,TE,SF,"$2,900",5.24,9.98,1.61%,18.78%
RJ Harvey,DEN,RB,SF,"$5,000",10.70,15.34,1.57%,18.78%
Greg Dulcich,MIA,TE,MIN,"$3,200",9.39,15.80,1.49%,12.89%
Jacksonville Jaguars,JAX,DST,CIN,"$2,600",4.60,10.00,1.48%,52.76%
Rashid Shaheed,SEA,WR,LAC,"$3,900",6.93,12.21,1.41%,25.70%
Tre Tucker,LV,WR,KC,"$5,100",7.58,12.93,1.40%,41.13%
Dohnte Meyers,CIN,WR,JAX,"$3,000",—,—,1.31%,56.21%
Isaiah Williams,NYJ,WR,CHI,"$3,500",1.21,3.80,1.30%,27.09%
Malik Willis,MIA,QB,MIN,"$4,900",15.85,22.18,1.25%,12.89%
J.K. Dobbins,DEN,RB,SF,"$5,300",7.19,10.11,1.18%,18.78%
Colston Loveland,CHI,TE,NYJ,"$4,700",12.10,19.10,1.15%,28.84%
Chris Bell,MIA,WR,MIN,"$3,700",7.20,13.26,1.11%,12.89%
Konata Mumpfield,LAR,WR,PHI,"$3,400",2.06,5.07,1.04%,35.82%
Omarion Hampton,LAC,RB,SEA,"$6,300",12.60,17.37,1.01%,14.56%
Xavier Hutchinson,HOU,WR,DAL,"$4,300",7.16,13.37,1.01%,30.08%
Cam Ward,TEN,QB,BAL,"$4,700",14.61,20.30,0.95%,12.05%
