Name,Position,Roster Position,TeamAbbrev,Week,Salary,%Drafted,FPTS,Non_TD_FPTS,TD_FPTS
Jahmyr Gibbs,RB,RB/FLEX,DET,1,8000,34.59,37.6,25.6,12.0
Ja'Marr Chase,WR,WR/FLEX,CIN,1,7800,15.99,3.2,3.2,0.0
Bijan Robinson,RB,RB/FLEX,ATL,1,7700,13.35,31.3,25.3,6.0
Puka Nacua,WR,WR/FLEX,LAR,1,7700,18.79,12.4,12.4,0.0
Jaxon Smith-Njigba,WR,WR/FLEX,SEA,1,7600,14.85,29.2,23.2,6.0
Christian McCaffrey,RB,RB/FLEX,SF,1,7500,13.41,13.8,13.8,0.0
Amon-Ra St. Brown,WR,WR/FLEX,DET,1,7500,11.07,28.7,16.7,12.0
CeeDee Lamb,WR,WR/FLEX,DAL,1,7400,9.92,15.4,9.4,6.0
Jonathan Taylor,RB,RB/FLEX,IND,1,7300,8.61,26.1,14.1,12.0
Justin Jefferson,WR,WR/FLEX,MIN,1,7300,5.51,31.2,19.2,12.0
James Cook III,RB,RB/FLEX,BUF,1,7200,2.93,9.9,9.9,0.0
Chase Brown,RB,RB/FLEX,CIN,1,7100,6.989999999999999,18.8,12.8,6.0
A.J. Brown,WR,WR/FLEX,NE,1,7100,7.01,5.6,5.6,0.0
Josh Allen,QB,QB,BUF,1,7000,3.22,38.66,18.66,20.0
De'Von Achane,RB,RB/FLEX,MIA,1,7000,11.84,10.6,10.6,0.0
Nico Collins,WR,WR/FLEX,HOU,1,7000,3.79,21.2,15.2,6.0
Joe Burrow,QB,QB,CIN,1,6900,7.2,15.16,11.16,4.0
Saquon Barkley,RB,RB/FLEX,PHI,1,6900,11.46,9.0,9.0,0.0
Brock Bowers,TE,TE/FLEX,LV,1,6900,0.5,0.0,0.0,0.0
Lamar Jackson,QB,QB,BAL,1,6800,2.9,28.96,18.96,10.0
Omarion Hampton,RB,RB/FLEX,LAC,1,6800,11.75,9.3,3.3,6.0
Malik Nabers,WR,WR/FLEX,NYG,1,6800,1.98,12.9,12.9,0.0
Trey McBride,TE,TE/FLEX,ARI,1,6800,3.63,24.5,18.5,6.0
Derrick Henry,RB,RB/FLEX,BAL,1,6700,7.08,38.3,20.3,18.0
Chris Olave,WR,WR/FLEX,NO,1,6700,15.23,31.2,31.2,0.0
Jalen Hurts,QB,QB,PHI,1,6600,4.17,24.72,12.72,12.0
Ashton Jeanty,RB,RB/FLEX,LV,1,6600,4.2,35.7,23.7,12.0
DeVonta Smith,WR,WR/FLEX,PHI,1,6600,7.03,8.3,8.3,0.0
Jayden Daniels,QB,QB,WAS,1,6500,0.68,17.66,9.66,8.0
Kenneth Walker III,RB,RB/FLEX,KC,1,6500,4.82,37.1,25.1,12.0
Drake London,WR,WR/FLEX,ATL,1,6500,5.24,5.5,5.5,0.0
Rashee Rice,WR,WR/FLEX,KC,1,6500,4.45,9.9,3.9,6.0
Dak Prescott,QB,QB,DAL,1,6400,8.18,15.4,7.4,8.0
Jeremiyah Love,RB,RB/FLEX,ARI,1,6400,0.55,13.0,7.0,6.0
Zay Flowers,WR,WR/FLEX,BAL,1,6400,4.4799999999999995,29.0,23.0,6.0
George Pickens,WR,WR/FLEX,DAL,1,6400,17.799999999999997,5.8,5.8,0.0
Caleb Williams,QB,QB,CHI,1,6300,2.1,37.26,17.26,20.0
Javonte Williams,RB,RB/FLEX,DAL,1,6300,15.3,24.2,12.2,12.0
Josh Jacobs,RB,RB/FLEX,GB,1,6300,0.0,0.0,0.0,0.0
Tee Higgins,WR,WR/FLEX,CIN,1,6300,4.48,8.9,8.9,0.0
Jaylen Waddle,WR,WR/FLEX,DEN,1,6300,5.58,1.2,1.2,0.0
Matthew Stafford,QB,QB,LAR,1,6200,5.99,5.1,5.1,0.0
Kyren Williams,RB,RB/FLEX,LAR,1,6200,9.84,15.5,9.5,6.0
Breece Hall,RB,RB/FLEX,NYJ,1,6200,2.2199999999999998,22.8,16.8,6.0
Emeka Egbuka,WR,WR/FLEX,TB,1,6200,2.38,11.3,11.3,0.0
Davante Adams,WR,WR/FLEX,LAR,1,6200,8.65,5.6,5.6,0.0
Justin Herbert,QB,QB,LAC,1,6100,8.67,14.26,10.26,4.0
D'Andre Swift,RB,RB/FLEX,CHI,1,6100,4.39,35.4,17.4,18.0
Tetairoa McMillan,WR,WR/FLEX,CAR,1,6100,7.32,11.5,11.5,0.0
Mike Evans,WR,WR/FLEX,SF,1,6100,3.0300000000000002,16.9,10.9,6.0
Jared Goff,QB,QB,DET,1,6000,4.88,16.44,8.44,8.0
Drake Maye,QB,QB,NE,1,6000,5.36,12.82,8.82,4.0
David Montgomery,RB,RB/FLEX,HOU,1,6000,4.93,28.9,10.9,18.0
Jameson Williams,WR,WR/FLEX,DET,1,6000,4.05,8.5,8.5,0.0
Courtland Sutton,WR,WR/FLEX,DEN,1,6000,2.43,3.1,3.1,0.0
Baker Mayfield,QB,QB,TB,1,5900,2.97,14.64,8.64,6.0
Travis Etienne Jr.,RB,RB/FLEX,NO,1,5900,6.44,14.8,14.8,0.0
Ladd McConkey,WR,WR/FLEX,LAC,1,5900,11.190000000000001,19.2,13.2,6.0
Christian Watson,WR,WR/FLEX,GB,1,5900,2.9,35.7,23.7,12.0
Bo Nix,QB,QB,DEN,1,5800,2.3,7.44,3.44,4.0
Trevor Lawrence,QB,QB,JAX,1,5800,5.05,26.1,10.1,16.0
Bhayshul Tuten,RB,RB/FLEX,JAX,1,5800,0.98,9.8,9.8,0.0
Cam Skattebo,RB,RB/FLEX,NYG,1,5800,9.39,14.1,8.1,6.0
Garrett Wilson,WR,WR/FLEX,NYJ,1,5800,9.58,13.9,13.9,0.0
Jordan Addison,WR,WR/FLEX,MIN,1,5800,1.25,0.0,0.0,0.0
Jordan Love,QB,QB,GB,1,5700,0.87,24.48,16.48,8.0
Brock Purdy,QB,QB,SF,1,5700,2.93,22.1,10.1,12.0
Bucky Irving,RB,RB/FLEX,TB,1,5700,7.83,21.3,15.3,6.0
Rhamondre Stevenson,RB,RB/FLEX,NE,1,5700,12.530000000000001,14.5,14.5,0.0
Terry McLaurin,WR,WR/FLEX,WAS,1,5700,2.56,3.4,3.4,0.0
Alec Pierce,WR,WR/FLEX,IND,1,5700,3.27,10.1,10.1,0.0
Jaxson Dart,QB,QB,NYG,1,5600,7.78,26.6,14.6,12.0
Tyler Shough,QB,QB,NO,1,5600,5.37,29.2,17.2,12.0
Tony Pollard,RB,RB/FLEX,TEN,1,5600,4.46,4.4,4.4,0.0
Jadarian Price,RB,RB/FLEX,SEA,1,5600,7.07,7.8,7.8,0.0
Parker Washington,WR,WR/FLEX,JAX,1,5600,6.4399999999999995,19.3,13.3,6.0
DJ Moore,WR,WR/FLEX,BUF,1,5600,3.92,24.0,18.0,6.0
Kyler Murray,QB,QB,MIN,1,5500,4.17,0.62,0.62,0.0
Patrick Mahomes,QB,QB,KC,1,5500,2.03,22.66,8.66,14.0
Chuba Hubbard,RB,RB/FLEX,CAR,1,5500,0.71,23.7,11.7,12.0
Quinshon Judkins,RB,RB/FLEX,CLE,1,5500,1.74,7.0,7.0,0.0
Luther Burden III,WR,WR/FLEX,CHI,1,5500,5.05,10.5,10.5,0.0
Brian Thomas Jr.,WR,WR/FLEX,JAX,1,5500,1.6,7.0,7.0,0.0
Sam Darnold,QB,QB,SEA,1,5400,3.23,0.52,0.52,0.0
Daniel Jones,QB,QB,IND,1,5400,1.15,10.04,6.04,4.0
RJ Harvey,RB,RB/FLEX,DEN,1,5400,1.69,8.1,8.1,0.0
Jaylen Warren,RB,RB/FLEX,PIT,1,5400,2.99,11.3,11.3,0.0
Jordan Mason,RB,RB/FLEX,MIN,1,5400,0.77,11.9,5.9,6.0
Rome Odunze,WR,WR/FLEX,CHI,1,5400,0.95,7.2,7.2,0.0
DK Metcalf,WR,WR/FLEX,PIT,1,5400,2.38,8.0,8.0,0.0
Aaron Rodgers,QB,QB,PIT,1,5300,0.62,12.54,8.54,4.0
Malik Willis,QB,QB,MIA,1,5300,1.36,17.7,11.7,6.0
Jacory Croskey-Merritt,RB,RB/FLEX,WAS,1,5300,0.21000000000000002,12.6,6.6,6.0
Aaron Jones Sr.,RB,RB/FLEX,MIN,1,5300,0.66,10.0,4.0,6.0
J.K. Dobbins,RB,RB/FLEX,DEN,1,5300,1.12,3.6,3.6,0.0
Carnell Tate,WR,WR/FLEX,TEN,1,5300,1.0899999999999999,7.8,7.8,0.0
Michael Wilson,WR,WR/FLEX,ARI,1,5300,3.38,10.6,10.6,0.0
Colston Loveland,TE,TE/FLEX,CHI,1,5300,8.46,0.0,0.0,0.0
Bryce Young,QB,QB,CAR,1,5200,1.1,35.44,17.44,18.0
C.J. Stroud,QB,QB,HOU,1,5200,0.99,18.46,10.46,8.0
Rico Dowdle,RB,RB/FLEX,PIT,1,5200,1.99,4.1,4.1,0.0
Rachaad White,RB,RB/FLEX,WAS,1,5200,0.04,4.7,4.7,0.0
Kenny Gainwell,RB,RB/FLEX,TB,1,5200,1.98,2.8,2.8,0.0
Blake Corum,RB,RB/FLEX,LAR,1,5200,1.02,5.4,5.4,0.0
TreVeyon Henderson,RB,RB/FLEX,NE,1,5200,0.04,0.0,0.0,0.0
Stefon Diggs,WR,WR/FLEX,WAS,1,5200,2.14,15.5,9.5,6.0
Josh Downs,WR,WR/FLEX,IND,1,5200,1.6099999999999999,5.7,5.7,0.0
Chris Godwin Jr.,WR,WR/FLEX,TB,1,5200,5.24,8.3,8.3,0.0
Cam Ward,QB,QB,TEN,1,5100,0.54,11.7,7.7,4.0
Jacoby Brissett,QB,QB,ARI,1,5100,0.9,16.48,12.48,4.0
Zach Charbonnet,RB,RB/FLEX,SEA,1,5100,0.18,0.0,0.0,0.0
Kyle Monangai,RB,RB/FLEX,CHI,1,5100,0.22,23.4,17.4,6.0
Tyjae Spears,RB,RB/FLEX,TEN,1,5100,0.30000000000000004,4.4,4.4,0.0
Chris Rodriguez Jr.,RB,RB/FLEX,JAX,1,5100,0.44,2.3,2.3,0.0
Jordyn Tyson,WR,WR/FLEX,NO,1,5100,0.01,0.0,0.0,0.0
Makai Lemon,WR,WR/FLEX,PHI,1,5100,1.8900000000000001,2.5,2.5,0.0
De'Zhaun Stribling,WR,WR/FLEX,SF,1,5100,2.0300000000000002,0.0,0.0,0.0
Kirk Cousins,QB,QB,LV,1,5000,1.27,15.8,3.8,12.0
Fernando Mendoza,QB,QB,LV,1,5000,0.01,0.0,0.0,0.0
Jonathon Brooks,RB,RB/FLEX,CAR,1,5000,0.18000000000000002,7.2,7.2,0.0
Isiah Pacheco,RB,RB/FLEX,DET,1,5000,0.0,0.0,0.0,0.0
Woody Marks,RB,RB/FLEX,HOU,1,5000,0.75,5.0,5.0,0.0
Marvin Harrison Jr.,WR,WR/FLEX,ARI,1,5000,2.37,4.3,4.3,0.0
Jakobi Meyers,WR,WR/FLEX,JAX,1,5000,0.63,12.2,6.2,6.0
Deebo Samuel Sr.,WR,WR/FLEX,SF,1,5000,4.59,18.0,12.0,6.0
Anthony Richardson Sr.,QB,QB,IND,1,4900,0.0,0.0,0.0,0.0
Tyler Allgeier,RB,RB/FLEX,ARI,1,4900,1.02,9.0,9.0,0.0
Alvin Kamara,RB,RB/FLEX,NO,1,4900,0.0,0.0,0.0,0.0
Tank Bigsby,RB,RB/FLEX,PHI,1,4900,0.07,0.3,0.3,0.0
Michael Pittman Jr.,WR,WR/FLEX,PIT,1,4900,2.21,8.8,8.8,0.0
Jayden Reed,WR,WR/FLEX,GB,1,4900,2.91,5.0,5.0,0.0
Tyler Warren,TE,TE/FLEX,IND,1,4900,3.32,10.3,4.3,6.0
Tua Tagovailoa,QB,QB,ATL,1,4800,0.15,0.0,0.0,0.0
Michael Penix Jr.,QB,QB,ATL,1,4800,0.0,0.0,0.0,0.0
Tyrone Tracy Jr.,RB,RB/FLEX,NYG,1,4800,0.21000000000000002,0.4,0.4,0.0
Nick Singleton,RB,RB/FLEX,TEN,1,4800,0.02,0.0,0.0,0.0
Keaton Mitchell,RB,RB/FLEX,LAC,1,4800,0.0,0.0,0.0,0.0
Kimani Vidal,RB,RB/FLEX,LAC,1,4800,0.24,0.0,0.0,0.0
MarShawn Lloyd,RB,RB/FLEX,GB,1,4800,5.35,3.7,3.7,0.0
Wan'Dale Robinson,WR,WR/FLEX,TEN,1,4800,2.7600000000000002,8.8,8.8,0.0
Khalil Shakir,WR,WR/FLEX,BUF,1,4800,0.72,9.0,9.0,0.0
George Kittle,TE,TE/FLEX,SF,1,4800,1.3699999999999999,3.2,3.2,0.0
Deshaun Watson,QB,QB,CLE,1,4700,0.18,15.0,11.0,4.0
Shedeur Sanders,QB,QB,CLE,1,4700,0.0,0.0,0.0,0.0
Brian Robinson Jr.,RB,RB/FLEX,ATL,1,4700,0.2,3.1,3.1,0.0
Braelon Allen,RB,RB/FLEX,NYJ,1,4700,0.11,4.0,4.0,0.0
Dylan Sampson,RB,RB/FLEX,CLE,1,4700,0.060000000000000005,0.0,0.0,0.0
Sean Tucker,RB,RB/FLEX,TB,1,4700,0.01,0.0,0.0,0.0
Quentin Johnston,WR,WR/FLEX,LAC,1,4700,9.42,3.7,3.7,0.0
Matthew Golden,WR,WR/FLEX,GB,1,4700,1.1300000000000001,15.5,15.5,0.0
Keenan Allen,WR,WR/FLEX,IND,1,4700,1.28,9.2,9.2,0.0
Kyle Pitts Sr.,TE,TE/FLEX,ATL,1,4700,4.5200000000000005,0.0,0.0,0.0
Geno Smith,QB,QB,NYJ,1,4600,1.15,9.3,9.3,0.0
Mike Washington Jr.,RB,RB/FLEX,LV,1,4600,1.1600000000000001,4.1,4.1,0.0
Kaytron Allen,RB,RB/FLEX,WAS,1,4600,0.0,0.0,0.0,0.0
Ray Davis,RB,RB/FLEX,BUF,1,4600,0.07,0.3,0.3,0.0
Samaje Perine,RB,RB/FLEX,CIN,1,4600,0.03,8.0,8.0,0.0
George Holani,RB,RB/FLEX,SEA,1,4600,0.43000000000000005,2.9,2.9,0.0
Romeo Doubs,WR,WR/FLEX,NE,1,4600,3.9699999999999998,0.0,0.0,0.0
Jalen Coker,WR,WR/FLEX,CAR,1,4600,4.4,36.8,24.8,12.0
KC Concepcion,WR,WR/FLEX,CLE,1,4600,1.07,8.8,8.8,0.0
Dalton Kincaid,TE,TE/FLEX,BUF,1,4600,2.02,21.0,21.0,0.0
Marcus Mariota,QB,QB,WAS,1,4500,0.0,0.0,0.0,0.0
J.J. McCarthy,QB,QB,MIN,1,4500,0.0,0.0,0.0,0.0
Justin Fields,QB,QB,KC,1,4500,0.01,0.0,0.0,0.0
Trevor Etienne,RB,RB/FLEX,CAR,1,4500,0.0,0.0,0.0,0.0
Jaylen Wright,RB,RB/FLEX,MIA,1,4500,0.060000000000000005,-0.1,-0.1,0.0
Ollie Gordon II,RB,RB/FLEX,MIA,1,4500,0.0,0.0,0.0,0.0
Chris Brooks,RB,RB/FLEX,GB,1,4500,0.13999999999999999,2.9,2.9,0.0
Jawhar Jordan,RB,RB/FLEX,HOU,1,4500,0.02,0.0,0.0,0.0
Emmett Johnson,RB,RB/FLEX,KC,1,4500,0.05,8.8,8.8,0.0
Kaelon Black,RB,RB/FLEX,SF,1,4500,0.1,8.0,8.0,0.0
Calvin Ridley,WR,WR/FLEX,TEN,1,4500,0.43,0.0,0.0,0.0
Kayshon Boutte,WR,WR/FLEX,HOU,1,4500,1.13,3.1,3.1,0.0
Jayden Higgins,WR,WR/FLEX,HOU,1,4500,0.0,0.0,0.0,0.0
Xavier Worthy,WR,WR/FLEX,KC,1,4500,1.6800000000000002,4.8,4.8,0.0
Tucker Kraft,TE,TE/FLEX,GB,1,4500,2.99,9.5,9.5,0.0
Riley Leonard,QB,QB,IND,1,4400,0.0,0.0,0.0,0.0
Joe Flacco,QB,QB,CIN,1,4400,0.0,0.0,0.0,0.0
Trey Benson,RB,RB/FLEX,ARI,1,4400,0.0,0.0,0.0,0.0
Devin Neal,RB,RB/FLEX,NO,1,4400,0.0,0.0,0.0,0.0
Demond Claiborne,RB,RB/FLEX,MIN,1,4400,0.02,0.0,0.0,0.0
Kaleb Johnson,RB,RB/FLEX,GB,1,4400,0.04,0.0,0.0,0.0
Denzel Boston,WR,WR/FLEX,CLE,1,4400,0.22,13.9,7.9,6.0
Jalen McMillan,WR,WR/FLEX,TB,1,4400,0.05,0.0,0.0,0.0
Rashid Shaheed,WR,WR/FLEX,SEA,1,4400,3.07,1.4,1.4,0.0
Sam LaPorta,TE,TE/FLEX,DET,1,4400,5.92,9.8,9.8,0.0
Tyler Huntley,QB,QB,BAL,1,4300,0.0,0.0,0.0,0.0
Jarrett Stidham,QB,QB,DEN,1,4300,0.0,0.0,0.0,0.0
Najee Harris,RB,RB/FLEX,NYG,1,4300,0.05,0.0,0.0,0.0
Malik Davis,RB,RB/FLEX,DAL,1,4300,0.03,0.0,0.0,0.0
Jonah Coleman,RB,RB/FLEX,DEN,1,4300,0.07,0.0,0.0,0.0
LeQuint Allen Jr.,RB,RB/FLEX,JAX,1,4300,0.0,0.0,0.0,0.0
Jeremy McNichols,RB,RB/FLEX,WAS,1,4300,0.0,0.0,0.0,0.0
Seth McGowan,RB,RB/FLEX,IND,1,4300,0.03,1.0,1.0,0.0
DJ Giddens,RB,RB/FLEX,IND,1,4300,0.0,0.0,0.0,0.0
Malachi Fields,WR,WR/FLEX,NYG,1,4300,1.44,4.5,4.5,0.0
Jalen Nailor,WR,WR/FLEX,LV,1,4300,0.86,5.7,5.7,0.0
Jauan Jennings,WR,WR/FLEX,MIN,1,4300,1.1800000000000002,0.0,0.0,0.0
Isaiah Likely,TE,TE/FLEX,NYG,1,4300,5.37,27.8,15.8,12.0
Davis Mills,QB,QB,HOU,1,4200,0.0,0.0,0.0,0.0
Isaiah Davis,RB,RB/FLEX,NYJ,1,4200,0.01,0.0,0.0,0.0
James Conner,RB,RB/FLEX,ARI,1,4200,0.01,0.0,0.0,0.0
Ty Johnson,RB,RB/FLEX,BUF,1,4200,0.0,0.0,0.0,0.0
Justice Hill,RB,RB/FLEX,BAL,1,4200,0.09,3.8,3.8,0.0
Rasheen Ali,RB,RB/FLEX,BAL,1,4200,0.0,0.0,0.0,0.0
Jordan James,RB,RB/FLEX,SF,1,4200,0.0,0.0,0.0,0.0
Malik Washington,WR,WR/FLEX,MIA,1,4200,1.1600000000000001,7.3,7.3,0.0
Antonio Williams,WR,WR/FLEX,WAS,1,4200,0.05,16.4,10.4,6.0
Pat Bryant,WR,WR/FLEX,DEN,1,4200,0.36,8.2,8.2,0.0
Darius Slayton,WR,WR/FLEX,NYG,1,4200,0.3,0.0,0.0,0.0
Harold Fannin Jr.,TE,TE/FLEX,CLE,1,4200,4.9,4.1,4.1,0.0
Gardner Minshew II,QB,QB,ARI,1,4100,0.0,0.0,0.0,0.0
Carson Beck,QB,QB,ARI,1,4100,0.0,0.0,0.0,0.0
Emanuel Wilson,RB,RB/FLEX,SEA,1,4100,0.06,0.3,0.3,0.0
Roman Hemby,RB,RB/FLEX,LV,1,4100,0.0,0.0,0.0,0.0
Will Shipley,RB,RB/FLEX,PHI,1,4100,0.04,2.2,2.2,0.0
Tahj Brooks,RB,RB/FLEX,CIN,1,4100,0.0,0.0,0.0,0.0
Omar Cooper Jr.,WR,WR/FLEX,NYJ,1,4100,0.22,4.0,4.0,0.0
Jerry Jeudy,WR,WR/FLEX,CLE,1,4100,0.47000000000000003,4.6,4.6,0.0
Dontayvion Wicks,WR,WR/FLEX,PHI,1,4100,1.01,15.3,9.3,6.0
Cooper Kupp,WR,WR/FLEX,SEA,1,4100,1.86,5.5,5.5,0.0
Dallas Goedert,TE,TE/FLEX,PHI,1,4100,9.760000000000002,23.7,11.7,12.0
Quinn Ewers,QB,QB,JAX,1,4000,0.0,0.0,0.0,0.0
Brady Cook,QB,QB,MIA,1,4000,0.0,0.0,0.0,0.0
Kenny Pickett,QB,QB,CAR,1,4000,0.03,2.4,2.4,0.0
Haynes King,QB,QB,CAR,1,4000,0.0,0.0,0.0,0.0
Tyson Bagent,QB,QB,CHI,1,4000,0.0,0.0,0.0,0.0
Case Keenum,QB,QB,CHI,1,4000,0.0,0.0,0.0,0.0
Mason Rudolph,QB,QB,PIT,1,4000,0.0,0.0,0.0,0.0
Will Howard,QB,QB,PIT,1,4000,0.0,0.0,0.0,0.0
Drew Allar,QB,QB,PIT,1,4000,0.0,0.0,0.0,0.0
Cooper Rush,QB,QB,ATL,1,4000,0.27,7.72,3.72,4.0
Jack Strand,QB,QB,ATL,1,4000,0.0,0.0,0.0,0.0
Cade Klubnik,QB,QB,NYJ,1,4000,0.0,0.0,0.0,0.0
Bailey Zappe,QB,QB,NYJ,1,4000,0.0,0.0,0.0,0.0
Mitchell Trubisky,QB,QB,TEN,1,4000,0.0,0.0,0.0,0.0
Hendon Hooker,QB,QB,TEN,1,4000,0.0,0.0,0.0,0.0
Kyle McCord,QB,QB,MIA,1,4000,0.0,0.0,0.0,0.0
Aidan O'Connell,QB,QB,LV,1,4000,0.0,0.0,0.0,0.0
Trey Lance,QB,QB,LAC,1,4000,0.0,0.0,0.0,0.0
DJ Uiagalelei,QB,QB,LAC,1,4000,0.0,0.0,0.0,0.0
Carter Bradley,QB,QB,JAX,1,4000,0.0,0.0,0.0,0.0
Joey Aguilar,QB,QB,JAX,1,4000,0.0,0.0,0.0,0.0
Nick Mullens,QB,QB,JAX,1,4000,0.0,0.0,0.0,0.0
Taylen Green,QB,QB,CLE,1,4000,0.0,0.0,0.0,0.0
Dillon Gabriel,QB,QB,CLE,1,4000,0.0,0.0,0.0,0.0
Spencer Rattler,QB,QB,NO,1,4000,0.0,0.0,0.0,0.0
Zach Wilson,QB,QB,NO,1,4000,0.0,0.0,0.0,0.0
Joshua Dobbs,QB,QB,DET,1,4000,0.0,0.0,0.0,0.0
Luke Altmyer,QB,QB,DET,1,4000,0.0,0.0,0.0,0.0
Sam Hartman,QB,QB,WAS,1,4000,0.0,0.0,0.0,0.0
Athan Kaliakmanis,QB,QB,WAS,1,4000,0.0,0.0,0.0,0.0
Andy Dalton,QB,QB,PHI,1,4000,0.0,0.0,0.0,0.0
Tanner McKee,QB,QB,PHI,1,4000,0.0,0.0,0.0,0.0
Cole Payton,QB,QB,PHI,1,4000,0.0,0.0,0.0,0.0
Carson Wentz,QB,QB,MIN,1,4000,0.01,19.22,7.22,12.0
Max Brosmer,QB,QB,MIN,1,4000,0.0,0.0,0.0,0.0
Tyrod Taylor,QB,QB,GB,1,4000,0.0,0.0,0.0,0.0
Kedon Slovis,QB,QB,GB,1,4000,0.0,0.0,0.0,0.0
Graham Mertz,QB,QB,HOU,1,4000,0.0,0.0,0.0,0.0
Kyle Allen,QB,QB,BUF,1,4000,0.0,0.0,0.0,0.0
Shane Buechele,QB,QB,BUF,1,4000,0.0,0.0,0.0,0.0
Joe Fagnano,QB,QB,BAL,1,4000,0.0,0.0,0.0,0.0
Skylar Thompson,QB,QB,BAL,1,4000,0.0,0.0,0.0,0.0
Jalon Daniels,QB,QB,TB,1,4000,0.0,0.0,0.0,0.0
Easton Stick,QB,QB,TB,1,4000,0.0,0.0,0.0,0.0
Josh Johnson,QB,QB,CIN,1,4000,0.0,0.0,0.0,0.0
Sean Clifford,QB,QB,CIN,1,4000,0.0,0.0,0.0,0.0
Garrett Nussmeier,QB,QB,KC,1,4000,0.0,0.0,0.0,0.0
Sam Ehlinger,QB,QB,DEN,1,4000,0.0,0.0,0.0,0.0
Drew Lock,QB,QB,SEA,1,4000,0.0,0.0,-4.0,4.0
Jalen Milroe,QB,QB,SEA,1,4000,0.0,0.0,0.0,0.0
Tommy DeVito,QB,QB,NE,1,4000,0.0,0.0,0.0,0.0
Behren Morton,QB,QB,NE,1,4000,0.0,0.0,0.0,0.0
Mac Jones,QB,QB,SF,1,4000,0.04,0.0,0.0,0.0
Kurtis Rourke,QB,QB,SF,1,4000,0.0,0.0,0.0,0.0
Stetson Bennett IV,QB,QB,LAR,1,4000,0.0,0.0,0.0,0.0
Ty Simpson,QB,QB,LAR,1,4000,0.0,0.0,0.0,0.0
Matthew Caldwell,QB,QB,LAR,1,4000,0.0,0.0,0.0,0.0
Jameis Winston,QB,QB,NYG,1,4000,0.04,0.0,0.0,0.0
Jake Haener,QB,QB,NYG,1,4000,0.0,0.0,0.0,0.0
Sam Howell,QB,QB,DAL,1,4000,0.0,0.0,0.0,0.0
Chris Oladokun,QB,QB,KC,1,4000,0.0,0.0,0.0,0.0
Brashard Smith,RB,RB/FLEX,KC,1,4000,0.01,0.0,0.0,0.0
Devin Singletary,RB,RB/FLEX,NYG,1,4000,0.15000000000000002,13.8,7.8,6.0
Emari Demercado,RB,RB/FLEX,DAL,1,4000,0.08,0.7,0.7,0.0
Jaydon Blue,RB,RB/FLEX,PHI,1,4000,0.0,0.0,0.0,0.0
AJ Dillon,RB,RB/FLEX,CAR,1,4000,0.01,2.8,2.8,0.0
Anthony Tyus III,RB,RB/FLEX,CAR,1,4000,0.0,0.0,0.0,0.0
Roschon Johnson,RB,RB/FLEX,CHI,1,4000,0.01,0.0,0.0,0.0
Brittain Brown,RB,RB/FLEX,CHI,1,4000,0.0,0.0,0.0,0.0
Salvon Ahmed,RB,RB/FLEX,CHI,1,4000,0.0,0.0,0.0,0.0
Zavier Scott,RB,RB/FLEX,CHI,1,4000,0.0,0.0,0.0,0.0
Eli Heidenreich,RB,RB/FLEX,PIT,1,4000,0.02,0.0,0.0,0.0
Travis Homer,RB,RB/FLEX,PIT,1,4000,0.0,0.0,0.0,0.0
Lew Nichols,RB,RB/FLEX,PIT,1,4000,0.0,0.0,0.0,0.0
Riley Nowakowski,RB,RB/FLEX,PIT,1,4000,0.0,0.0,0.0,0.0
Trey Sermon,RB,RB/FLEX,ATL,1,4000,0.0,0.0,0.0,0.0
Tyler Goodson,RB,RB/FLEX,ATL,1,4000,0.0,0.0,0.0,0.0
Cash Jones,RB,RB/FLEX,ATL,1,4000,0.01,0.0,0.0,0.0
Kene Nwangwu,RB,RB/FLEX,NYJ,1,4000,0.01,0.0,0.0,0.0
Chip Trayanum,RB,RB/FLEX,NYJ,1,4000,0.0,0.0,0.0,0.0
Dominic Richardson,RB,RB/FLEX,NYJ,1,4000,0.0,0.0,0.0,0.0
Andrew Beck,RB,RB/FLEX,NYJ,1,4000,0.0,0.0,0.0,0.0
Al-Jay Henderson,RB,RB/FLEX,NYJ,1,4000,0.01,0.0,0.0,0.0
Julius Chestnut,RB,RB/FLEX,TEN,1,4000,0.0,0.0,0.0,0.0
Michael Carter,RB,RB/FLEX,TEN,1,4000,0.01,0.0,0.0,0.0
Kalel Mullings,RB,RB/FLEX,TEN,1,4000,0.0,0.0,0.0,0.0
DJ Herman,RB,RB/FLEX,MIA,1,4000,0.0,0.0,0.0,0.0
Carlos Washington Jr.,RB,RB/FLEX,MIA,1,4000,0.0,0.0,0.0,0.0
Jarquez Hunter,RB,RB/FLEX,MIA,1,4000,0.0,0.0,0.0,0.0
Dylan Laube,RB,RB/FLEX,LV,1,4000,0.0,0.0,0.0,0.0
Chris Collier,RB,RB/FLEX,LV,1,4000,0.0,0.0,0.0,0.0
Dare Ogunbowale,RB,RB/FLEX,LV,1,4000,0.0,0.0,0.0,0.0
Connor Heyward,RB,RB/FLEX,LV,1,4000,0.0,0.0,0.0,0.0
Scott Matlock,RB,RB/FLEX,LAC,1,4000,0.0,0.0,0.0,0.0
Gregory Desrosiers,RB,RB/FLEX,LAC,1,4000,0.0,0.0,0.0,0.0
Amar Johnson,RB,RB/FLEX,LAC,1,4000,0.0,0.0,0.0,0.0
Alec Ingold,RB,RB/FLEX,LAC,1,4000,0.0,0.0,0.0,0.0
Bam Knight,RB,RB/FLEX,ARI,1,4000,0.03,0.0,0.0,0.0
Ameer Abdullah,RB,RB/FLEX,JAX,1,4000,0.0,0.0,0.0,0.0
J'Mari Taylor,RB,RB/FLEX,JAX,1,4000,0.0,0.0,0.0,0.0
Raheim Sanders,RB,RB/FLEX,CLE,1,4000,0.0,0.0,0.0,0.0
Michael Burton,RB,RB/FLEX,CLE,1,4000,0.0,0.0,0.0,0.0
Jaleel McLaughlin,RB,RB/FLEX,CLE,1,4000,0.0,0.0,0.0,0.0
Kendre Miller,RB,RB/FLEX,NO,1,4000,0.0,0.0,-6.0,6.0
Audric Estime,RB,RB/FLEX,NO,1,4000,0.0,0.0,0.0,0.0
Ty Chandler,RB,RB/FLEX,NO,1,4000,0.0,0.0,0.0,0.0
CJ Donaldson,RB,RB/FLEX,NO,1,4000,0.0,0.0,0.0,0.0
Zamir White,RB,RB/FLEX,NO,1,4000,0.01,0.0,0.0,0.0
Sione Vaki,RB,RB/FLEX,DET,1,4000,0.03,2.8,2.8,0.0
Jacob Saylors,RB,RB/FLEX,DET,1,4000,0.04,0.0,0.0,0.0
Craig Reynolds,RB,RB/FLEX,WAS,1,4000,0.0,0.0,0.0,0.0
Robert Henry Jr.,RB,RB/FLEX,WAS,1,4000,0.01,0.0,0.0,0.0
Dameon Pierce,RB,RB/FLEX,PHI,1,4000,0.0,0.0,0.0,0.0
Carson Steele,RB,RB/FLEX,PHI,1,4000,0.0,0.0,0.0,0.0
Jermar Jefferson,RB,RB/FLEX,MIN,1,4000,0.0,0.0,0.0,0.0
DeeJay Dallas,RB,RB/FLEX,MIN,1,4000,0.0,0.0,0.0,0.0
Max Bredeson,RB,RB/FLEX,MIN,1,4000,0.0,0.0,0.0,0.0
Pierre Strong Jr.,RB,RB/FLEX,GB,1,4000,0.0,0.0,0.0,0.0
British Brooks,RB,RB/FLEX,HOU,1,4000,0.0,0.0,0.0,0.0
Noah Whittington,RB,RB/FLEX,HOU,1,4000,0.0,0.0,0.0,0.0
Frank Gore Jr.,RB,RB/FLEX,BUF,1,4000,0.0,0.0,0.0,0.0
Adam Randall,RB,RB/FLEX,BAL,1,4000,0.0,0.0,0.0,0.0
Jonathan Ward,RB,RB/FLEX,BAL,1,4000,0.0,0.0,0.0,0.0
Anderson Castle,RB,RB/FLEX,IND,1,4000,0.0,0.0,0.0,0.0
Davon Booth,RB,RB/FLEX,IND,1,4000,0.0,0.0,0.0,0.0
Josh Williams,RB,RB/FLEX,TB,1,4000,0.01,0.0,0.0,0.0
Kentrel Bullock,RB,RB/FLEX,CIN,1,4000,0.0,0.0,0.0,0.0
Kendall Milton,RB,RB/FLEX,CIN,1,4000,0.0,0.0,0.0,0.0
EJ Smith,RB,RB/FLEX,KC,1,4000,0.0,0.0,0.0,0.0
Ben VanSumeren,RB,RB/FLEX,KC,1,4000,0.01,0.0,0.0,0.0
Jaydn Ott,RB,RB/FLEX,KC,1,4000,0.0,0.0,0.0,0.0
Nate Carter,RB,RB/FLEX,KC,1,4000,0.0,0.0,0.0,0.0
Adam Prentice,RB,RB/FLEX,DEN,1,4000,0.0,0.0,0.0,0.0
Cody Schrader,RB,RB/FLEX,DEN,1,4000,0.0,0.0,0.0,0.0
Brady Russell,RB,RB/FLEX,SEA,1,4000,0.0,0.0,0.0,0.0
Velus Jones Jr.,RB,RB/FLEX,SEA,1,4000,0.0,0.0,0.0,0.0
Robbie Ouzts,RB,RB/FLEX,SEA,1,4000,0.0,0.0,0.0,0.0
Jacardia Wright,RB,RB/FLEX,SEA,1,4000,0.0,0.0,0.0,0.0
Corey Kiner,RB,RB/FLEX,NE,1,4000,0.13,1.1,1.1,0.0
Myles Montgomery,RB,RB/FLEX,NE,1,4000,0.0,0.0,0.0,0.0
Reggie Gilliam,RB,RB/FLEX,NE,1,4000,0.01,0.0,0.0,0.0
Lan Larison,RB,RB/FLEX,NE,1,4000,0.0,0.0,0.0,0.0
Hassan Haskins,RB,RB/FLEX,NE,1,4000,0.0,0.0,0.0,0.0
Isaac Guerendo,RB,RB/FLEX,SF,1,4000,0.0,0.0,0.0,0.0
Kyle Juszczyk,RB,RB/FLEX,SF,1,4000,0.0,0.0,0.0,0.0
Sincere McCormick,RB,RB/FLEX,SF,1,4000,0.0,0.0,0.0,0.0
Ronnie Rivers,RB,RB/FLEX,LAR,1,4000,0.0,0.0,0.0,0.0
Jordan Waters,RB,RB/FLEX,LAR,1,4000,0.0,0.0,0.0,0.0
Dean Connors,RB,RB/FLEX,LAR,1,4000,0.0,0.0,0.0,0.0
Patrick Ricard,RB,RB/FLEX,NYG,1,4000,0.0,0.0,0.0,0.0
Grant Finley,RB,RB/FLEX,NYG,1,4000,0.0,0.0,0.0,0.0
Israel Abanikanda,RB,RB/FLEX,DAL,1,4000,0.0,0.0,0.0,0.0
Hunter Luepke,RB,RB/FLEX,DAL,1,4000,0.0,0.0,0.0,0.0
Evan Hull,RB,RB/FLEX,ARI,1,4000,0.0,0.0,0.0,0.0
Tyler Badie,RB,RB/FLEX,DEN,1,4000,0.01,0.0,0.0,0.0
Darnell Mooney,WR,WR/FLEX,NYG,1,4000,0.47,4.7,4.7,0.0
Adonai Mitchell,WR,WR/FLEX,NYJ,1,4000,0.5800000000000001,9.0,9.0,0.0
Tre Tucker,WR,WR/FLEX,LV,1,4000,8.0,4.7,4.7,0.0
Keon Coleman,WR,WR/FLEX,BUF,1,4000,0.1,1.1,1.1,0.0
Cyrus Allen,WR,WR/FLEX,KC,1,4000,0.11,0.0,0.0,0.0
Travis Kelce,TE,TE/FLEX,KC,1,4000,5.82,10.1,10.1,0.0
Chig Okonkwo,TE,TE/FLEX,WAS,1,4000,0.43,3.6,3.6,0.0
Joe Milton III,QB,QB,DAL,1,4000,0.01,0.0,0.0,0.0
Ahmani Marshall,RB,RB/FLEX,CAR,1,4000,0.0,0.0,0.0,0.0
Germie Bernard,WR,WR/FLEX,PIT,1,3900,0.08,0.0,0.0,0.0
Isaac TeSlaa,WR,WR/FLEX,DET,1,3900,0.16,0.0,0.0,0.0
Rashod Bateman,WR,WR/FLEX,BAL,1,3900,0.41,0.0,0.0,0.0
Ryan Flournoy,WR,WR/FLEX,DAL,1,3900,0.77,4.2,4.2,0.0
Jake Ferguson,TE,TE/FLEX,DAL,1,3900,3.75,2.6,2.6,0.0
Mark Andrews,TE,TE/FLEX,BAL,1,3900,4.279999999999999,8.9,8.9,0.0
Demarcus Robinson,WR,WR/FLEX,SF,1,3800,0.24,13.0,7.0,6.0
Zachariah Branch,WR,WR/FLEX,ATL,1,3800,0.04,0.0,0.0,0.0
Tre' Harris,WR,WR/FLEX,LAC,1,3800,0.22999999999999998,5.0,5.0,0.0
Hollywood Brown,WR,WR/FLEX,PHI,1,3800,0.17,0.0,0.0,0.0
Troy Franklin,WR,WR/FLEX,DEN,1,3800,0.38,0.5,0.5,0.0
Hunter Henry,TE,TE/FLEX,NE,1,3800,4.4,5.6,5.6,0.0
Kenyon Sadiq,TE,TE/FLEX,NYJ,1,3800,0.4,11.4,5.4,6.0
Xavier Legette,WR,WR/FLEX,CAR,1,3700,0.09,0.0,0.0,0.0
Jahan Dotson,WR,WR/FLEX,ATL,1,3700,0.16999999999999998,2.9,2.9,0.0
Tank Dell,WR,WR/FLEX,HOU,1,3700,0.01,0.0,0.0,0.0
Nick Westbrook-Ikhine,WR,WR/FLEX,IND,1,3700,0.01,0.0,0.0,0.0
Tutu Atwell,WR,WR/FLEX,LAR,1,3700,0.06,0.0,0.0,0.0
Calvin Austin III,WR,WR/FLEX,NYG,1,3700,0.01,0.0,0.0,0.0
Juwan Johnson,TE,TE/FLEX,NO,1,3700,11.27,14.4,8.4,6.0
Cade Otton,TE,TE/FLEX,TB,1,3700,2.2,5.6,5.6,0.0
Mack Hollins,WR,WR/FLEX,NE,1,3600,0.41000000000000003,9.1,9.1,0.0
Zavion Thomas,WR,WR/FLEX,CHI,1,3600,0.29000000000000004,0.0,0.0,0.0
Elic Ayomanor,WR,WR/FLEX,TEN,1,3600,0.19,8.1,2.1,6.0
Jack Bech,WR,WR/FLEX,LV,1,3600,0.02,11.3,5.3,6.0
Kendrick Bourne,WR,WR/FLEX,ARI,1,3600,0.0,0.0,0.0,0.0
Jaylin Noel,WR,WR/FLEX,HOU,1,3600,0.03,7.3,7.3,0.0
Brenton Strange,TE,TE/FLEX,JAX,1,3600,3.0500000000000003,10.3,4.3,6.0
AJ Barner,TE,TE/FLEX,SEA,1,3600,2.1799999999999997,3.3,3.3,0.0
Olamide Zaccheaus,WR,WR/FLEX,ATL,1,3500,0.13,1.5,1.5,0.0
Jalen Tolbert,WR,WR/FLEX,MIA,1,3500,0.04,0.0,0.0,0.0
Devaughn Vele,WR,WR/FLEX,NO,1,3500,7.859999999999999,19.9,13.9,6.0
Luke McCaffrey,WR,WR/FLEX,WAS,1,3500,0.01,0.0,0.0,0.0
Joshua Palmer,WR,WR/FLEX,BUF,1,3500,0.03,10.4,4.4,6.0
Deion Burks,WR,WR/FLEX,IND,1,3500,0.02,0.0,0.0,0.0
Tyquan Thornton,WR,WR/FLEX,KC,1,3500,0.12000000000000001,0.0,0.0,0.0
Jordan Whittington,WR,WR/FLEX,LAR,1,3500,0.03,1.8,1.8,0.0
Colby Parkinson,TE,TE/FLEX,LAR,1,3500,1.71,1.6,1.6,0.0
Greg Dulcich,TE,TE/FLEX,MIA,1,3500,0.6000000000000001,3.8,3.8,0.0
Oronde Gadsden II,TE,TE/FLEX,LAC,1,3500,0.93,5.2,5.2,0.0
Chargers,DST,DST,LAC,1,3500,5.61,1.0,1.0,0.0
Cedric Tillman,WR,WR/FLEX,NO,1,3400,0.04,0.0,0.0,0.0
Chimere Dike,WR,WR/FLEX,TEN,1,3400,0.06,0.7,0.7,0.0
Travis Hunter,WR,WR/FLEX,JAX,1,3400,0.45,2.1,2.1,0.0
Treylon Burks,WR,WR/FLEX,WAS,1,3400,0.02,0.0,0.0,0.0
Elijah Sarratt,WR,WR/FLEX,BAL,1,3400,0.02,0.0,0.0,0.0
Tory Horton,WR,WR/FLEX,SEA,1,3400,0.0,0.0,0.0,0.0
Greg Dortch,WR,WR/FLEX,BUF,1,3400,0.02,0.0,0.0,0.0
Pat Freiermuth,TE,TE/FLEX,PIT,1,3400,0.6,15.6,9.6,6.0
Dalton Schultz,TE,TE/FLEX,HOU,1,3400,3.33,7.5,7.5,0.0
Evan Engram,TE,TE/FLEX,DEN,1,3400,0.33,14.3,8.3,6.0
Jaguars,DST,DST,JAX,1,3400,14.35,13.0,13.0,0.0
DeMario Douglas,WR,WR/FLEX,NE,1,3300,0.58,7.0,7.0,0.0
Kalif Raymond,WR,WR/FLEX,CHI,1,3300,0.09000000000000001,16.4,16.4,0.0
Dont'e Thornton Jr.,WR,WR/FLEX,LV,1,3300,0.0,0.0,0.0,0.0
Brenen Thompson,WR,WR/FLEX,LAC,1,3300,0.0,0.0,0.0,0.0
Isaiah Bond,WR,WR/FLEX,CLE,1,3300,0.02,0.0,0.0,0.0
Ted Hurst III,WR,WR/FLEX,TB,1,3300,0.08,6.6,6.6,0.0
Andrei Iosivas,WR,WR/FLEX,CIN,1,3300,0.32,3.2,3.2,0.0
KaVontae Turpin,WR,WR/FLEX,DAL,1,3300,0.19,1.8,1.8,0.0
Jordan Watkins,WR,WR/FLEX,SF,1,3300,0.0,0.0,0.0,0.0
Cole Kmet,TE,TE/FLEX,CHI,1,3300,0.13,11.5,5.5,6.0
T.J. Hockenson,TE,TE/FLEX,MIN,1,3300,2.1,13.6,7.6,6.0
Jake Tonges,TE,TE/FLEX,SF,1,3300,0.21,0.0,0.0,0.0
Steelers,DST,DST,PIT,1,3300,4.37,18.0,12.0,6.0
Seahawks,DST,DST,SEA,1,3300,5.22,13.0,13.0,0.0
Konata Mumpfield,WR,WR/FLEX,LAR,1,3200,0.03,0.0,0.0,0.0
Marvin Mims Jr.,WR,WR/FLEX,DEN,1,3200,0.11,0.0,0.0,0.0
Jalen Royals,WR,WR/FLEX,KC,1,3200,0.0,0.0,0.0,0.0
John Metchie III,WR,WR/FLEX,CAR,1,3200,0.07,0.0,0.0,0.0
Chris Bell,WR,WR/FLEX,MIA,1,3200,0.39,3.5,3.5,0.0
Dyami Brown,WR,WR/FLEX,WAS,1,3200,0.01,0.0,0.0,0.0
Savion Williams,WR,WR/FLEX,GB,1,3200,0.0,0.0,0.0,0.0
Xavier Hutchinson,WR,WR/FLEX,HOU,1,3200,0.22,6.2,6.2,0.0
Devontez Walker,WR,WR/FLEX,BAL,1,3200,0.0,0.0,0.0,0.0
Ashton Dulin,WR,WR/FLEX,IND,1,3200,0.0,0.0,0.0,0.0
Lil'Jordan Humphrey,WR,WR/FLEX,DEN,1,3200,0.01,0.0,0.0,0.0
Odell Beckham Jr.,WR,WR/FLEX,NYG,1,3200,0.61,0.0,0.0,0.0
Darren Waller,TE,TE/FLEX,CAR,1,3200,1.02,4.8,4.8,0.0
Gunnar Helm,TE,TE/FLEX,TEN,1,3200,0.36,6.8,6.8,0.0
Noah Fant,TE,TE/FLEX,NO,1,3200,0.03,13.3,7.3,6.0
Tyler Higbee,TE,TE/FLEX,LAR,1,3200,0.25,2.2,2.2,0.0
Lions,DST,DST,DET,1,3200,2.78,10.0,10.0,0.0
Eagles,DST,DST,PHI,1,3200,2.96,3.0,3.0,0.0
Kyle Williams,WR,WR/FLEX,NE,1,3100,0.19,0.0,0.0,0.0
Jahdae Walker,WR,WR/FLEX,CHI,1,3100,0.05,7.1,1.1,6.0
Roman Wilson,WR,WR/FLEX,PIT,1,3100,0.05,5.6,5.6,0.0
Malik Benson,WR,WR/FLEX,LV,1,3100,0.01,0.8,0.8,0.0
Bryce Lance,WR,WR/FLEX,NO,1,3100,0.13,7.2,7.2,0.0
Jaylin Lane,WR,WR/FLEX,WAS,1,3100,0.0,0.0,0.0,0.0
Skyler Bell,WR,WR/FLEX,BUF,1,3100,0.03,0.0,0.0,0.0
Ja'Kobi Lane,WR,WR/FLEX,BAL,1,3100,0.85,2.1,2.1,0.0
Tez Johnson,WR,WR/FLEX,TB,1,3100,0.02,-0.4,-0.4,0.0
Colbie Young,WR,WR/FLEX,CIN,1,3100,0.02,0.0,0.0,0.0
Jonathan Mingo,WR,WR/FLEX,DAL,1,3100,0.03,2.0,2.0,0.0
Eli Stowers,TE,TE/FLEX,PHI,1,3100,0.0,0.0,0.0,0.0
Dawson Knox,TE,TE/FLEX,BUF,1,3100,0.33,1.7,1.7,0.0
Mike Gesicki,TE,TE/FLEX,CIN,1,3100,0.74,18.8,12.8,6.0
Titans,DST,DST,TEN,1,3100,3.73,0.0,0.0,0.0
Bills,DST,DST,BUF,1,3100,0.93,6.0,6.0,0.0
Jake Bobo,WR,WR/FLEX,SEA,1,3000,0.01,0.0,0.0,0.0
Ricky Pearsall,WR,WR/FLEX,SF,1,3000,0.0,0.0,0.0,0.0
Christian Kirk,WR,WR/FLEX,SF,1,3000,0.0,0.0,0.0,0.0
Theo Wease Jr.,WR,WR/FLEX,LAC,1,3000,0.21000000000000002,0.0,0.0,0.0
Jimmy Horn Jr.,WR,WR/FLEX,CAR,1,3000,0.04,-1.0,-1.0,0.0
Brycen Tremayne,WR,WR/FLEX,CAR,1,3000,0.0,0.0,0.0,0.0
Chris Brazzell II,WR,WR/FLEX,CAR,1,3000,0.0,0.0,0.0,0.0
Ja'seem Reed,WR,WR/FLEX,CAR,1,3000,0.0,0.0,0.0,0.0
David Moore,WR,WR/FLEX,CAR,1,3000,0.0,0.0,0.0,0.0
Casey Washington,WR,WR/FLEX,CAR,1,3000,0.01,0.0,0.0,0.0
Ray-Ray McCloud III,WR,WR/FLEX,CHI,1,3000,0.0,0.0,0.0,0.0
JP Richardson,WR,WR/FLEX,CHI,1,3000,0.0,0.0,0.0,0.0
Scotty Miller,WR,WR/FLEX,CHI,1,3000,0.0,0.0,0.0,0.0
Kaden Davis,WR,WR/FLEX,CHI,1,3000,0.0,0.0,0.0,0.0
Ben Skowronek,WR,WR/FLEX,PIT,1,3000,0.0,0.0,0.0,0.0
Kaden Wetjen,WR,WR/FLEX,PIT,1,3000,0.01,0.0,0.0,0.0
Cole Burgess,WR,WR/FLEX,PIT,1,3000,0.0,0.0,0.0,0.0
Brandon Smith,WR,WR/FLEX,PIT,1,3000,0.0,0.0,0.0,0.0
Max Hurleman,WR,WR/FLEX,PIT,1,3000,0.0,0.0,0.0,0.0
Brandon Johnson,WR,WR/FLEX,PIT,1,3000,0.0,0.0,0.0,0.0
Chris Blair,WR,WR/FLEX,ATL,1,3000,0.0,0.0,0.0,0.0
Beaux Collins,WR,WR/FLEX,ATL,1,3000,0.0,0.0,0.0,0.0
Antwane Wells Jr.,WR,WR/FLEX,ATL,1,3000,0.0,0.0,0.0,0.0
Dylan Drummond,WR,WR/FLEX,ATL,1,3000,0.0,0.0,0.0,0.0
Vinny Anthony II,WR,WR/FLEX,ATL,1,3000,0.0,0.0,0.0,0.0
Isaiah Williams,WR,WR/FLEX,NYJ,1,3000,0.0,0.0,0.0,0.0
Tim Patrick,WR,WR/FLEX,NYJ,1,3000,0.0,0.0,0.0,0.0
Arian Smith,WR,WR/FLEX,NYJ,1,3000,0.0,0.0,0.0,0.0
Jamaal Pritchett,WR,WR/FLEX,NYJ,1,3000,0.0,0.0,0.0,0.0
Malik McClain,WR,WR/FLEX,NYJ,1,3000,0.0,0.0,0.0,0.0
Xavier Restrepo,WR,WR/FLEX,TEN,1,3000,0.0,0.0,0.0,0.0
Tyren Montgomery,WR,WR/FLEX,TEN,1,3000,0.0,0.0,0.0,0.0
K.J. Osborn,WR,WR/FLEX,TEN,1,3000,0.0,0.0,0.0,0.0
Caleb Douglas,WR,WR/FLEX,MIA,1,3000,1.66,14.4,14.4,0.0
Kevin Coleman Jr.,WR,WR/FLEX,MIA,1,3000,0.0,0.0,0.0,0.0
Ryan Miller,WR,WR/FLEX,MIA,1,3000,0.0,0.0,0.0,0.0
Will Sheppard,WR,WR/FLEX,MIA,1,3000,0.0,0.0,0.0,0.0
Jalen Reagor,WR,WR/FLEX,MIA,1,3000,0.0,0.0,0.0,0.0
Dareke Young,WR,WR/FLEX,LV,1,3000,0.0,0.0,0.0,0.0
Justin Shorter,WR,WR/FLEX,LV,1,3000,0.0,0.0,0.0,0.0
Corey Rucker,WR,WR/FLEX,LV,1,3000,0.0,0.0,0.0,0.0
Chase Roberts,WR,WR/FLEX,LV,1,3000,0.0,0.0,0.0,0.0
Cody White,WR,WR/FLEX,LV,1,3000,0.0,0.0,0.0,0.0
Deven Thompkins,WR,WR/FLEX,LV,1,3000,0.0,0.0,0.0,0.0
KeAndre Lambert-Smith,WR,WR/FLEX,LAC,1,3000,0.0,0.0,0.0,0.0
Derius Davis,WR,WR/FLEX,LAC,1,3000,0.0,0.0,0.0,0.0
Dalevon Campbell,WR,WR/FLEX,LAC,1,3000,0.0,0.0,0.0,0.0
Sincere Brown,WR,WR/FLEX,LAC,1,3000,0.0,0.0,0.0,0.0
Gary Jennings Jr.,WR,WR/FLEX,LAC,1,3000,0.0,0.0,0.0,0.0
Jalen Brooks,WR,WR/FLEX,ARI,1,3000,0.01,0.0,0.0,0.0
Reggie Virgil,WR,WR/FLEX,ARI,1,3000,0.01,0.0,0.0,0.0
Devin Duvernay,WR,WR/FLEX,ARI,1,3000,0.0,0.0,0.0,0.0
Simi Fehoko,WR,WR/FLEX,ARI,1,3000,0.0,0.0,0.0,0.0
Harrison Wallace III,WR,WR/FLEX,ARI,1,3000,0.0,0.0,0.0,0.0
Ihmir Smith-Marsette,WR,WR/FLEX,ARI,1,3000,0.0,0.0,0.0,0.0
Josh Cameron,WR,WR/FLEX,JAX,1,3000,0.0,0.0,-6.0,6.0
CJ Williams,WR,WR/FLEX,JAX,1,3000,0.0,0.0,0.0,0.0
Trebor Pena,WR,WR/FLEX,JAX,1,3000,0.0,0.0,0.0,0.0
Austin Trammell,WR,WR/FLEX,JAX,1,3000,0.0,0.0,0.0,0.0
Michael Wortham,WR,WR/FLEX,JAX,1,3000,0.0,0.0,0.0,0.0
Tim Jones,WR,WR/FLEX,JAX,1,3000,0.0,0.0,0.0,0.0
Tylan Wallace,WR,WR/FLEX,CLE,1,3000,0.01,0.0,0.0,0.0
Malachi Corley,WR,WR/FLEX,CLE,1,3000,0.0,0.0,0.0,0.0
Jamari Thrash,WR,WR/FLEX,CLE,1,3000,0.0,0.0,0.0,0.0
Kole Wilson,WR,WR/FLEX,CLE,1,3000,0.0,0.0,0.0,0.0
Bryce Oliver,WR,WR/FLEX,CLE,1,3000,0.0,0.0,0.0,0.0
Barion Brown,WR,WR/FLEX,NO,1,3000,0.09,0.3,0.3,0.0
Mason Tipton,WR,WR/FLEX,NO,1,3000,0.0,0.0,0.0,0.0
Jalen Moreno-Cropper,WR,WR/FLEX,NO,1,3000,0.0,0.0,0.0,0.0
Trey Palmer,WR,WR/FLEX,NO,1,3000,0.0,0.0,0.0,0.0
Kevin Austin Jr.,WR,WR/FLEX,NO,1,3000,0.01,0.0,0.0,0.0
Tay Martin,WR,WR/FLEX,DET,1,3000,0.0,0.0,0.0,0.0
Kendrick Law,WR,WR/FLEX,DET,1,3000,0.0,0.0,0.0,0.0
Dominic Lovett,WR,WR/FLEX,DET,1,3000,0.0,0.0,0.0,0.0
Tom Kennedy,WR,WR/FLEX,DET,1,3000,0.0,0.0,0.0,0.0
Lucky Jackson,WR,WR/FLEX,DET,1,3000,0.0,0.0,0.0,0.0
Jacoby Jones,WR,WR/FLEX,WAS,1,3000,0.0,0.0,0.0,0.0
River Cracraft,WR,WR/FLEX,WAS,1,3000,0.0,0.0,0.0,0.0
Jaden Bradley,WR,WR/FLEX,WAS,1,3000,0.0,0.0,0.0,0.0
Elijah Moore,WR,WR/FLEX,PHI,1,3000,0.0,0.0,0.0,0.0
Darius Cooper,WR,WR/FLEX,PHI,1,3000,0.0,0.0,0.0,0.0
Johnny Wilson,WR,WR/FLEX,PHI,1,3000,0.0,0.0,0.0,0.0
Danny Gray,WR,WR/FLEX,PHI,1,3000,0.0,0.0,0.0,0.0
Britain Covey,WR,WR/FLEX,PHI,1,3000,0.0,0.0,0.0,0.0
Tai Felton,WR,WR/FLEX,MIN,1,3000,0.0,0.0,0.0,0.0
Myles Price,WR,WR/FLEX,MIN,1,3000,0.0,0.0,0.0,0.0
Jeshaun Jones,WR,WR/FLEX,MIN,1,3000,0.0,0.0,0.0,0.0
Dontae Fleming,WR,WR/FLEX,MIN,1,3000,0.0,0.0,0.0,0.0
Dillon Bell,WR,WR/FLEX,MIN,1,3000,0.01,0.0,0.0,0.0
Michael Briscoe,WR,WR/FLEX,MIN,1,3000,0.0,0.0,0.0,0.0
Trayvon Rudolph,WR,WR/FLEX,MIN,1,3000,0.01,0.0,0.0,0.0
Bo Melton,WR,WR/FLEX,GB,1,3000,0.0,0.0,0.0,0.0
Skyy Moore,WR,WR/FLEX,GB,1,3000,0.0,0.0,0.0,0.0
J. Michael Sturdivant,WR,WR/FLEX,GB,1,3000,0.0,0.0,0.0,0.0
Chris Hilton Jr.,WR,WR/FLEX,GB,1,3000,0.0,0.0,0.0,0.0
Isaiah Neyor,WR,WR/FLEX,GB,1,3000,0.0,0.0,0.0,0.0
Jared Wayne,WR,WR/FLEX,HOU,1,3000,0.0,0.0,0.0,0.0
Lewis Bond,WR,WR/FLEX,HOU,1,3000,0.0,0.0,0.0,0.0
Josh Kelly,WR,WR/FLEX,HOU,1,3000,0.0,0.0,0.0,0.0
Daniel Sobkowicz,WR,WR/FLEX,HOU,1,3000,0.0,0.0,0.0,0.0
Mitch Tinsley,WR,WR/FLEX,HOU,1,3000,0.0,0.0,0.0,0.0
Tyrell Shavers,WR,WR/FLEX,BUF,1,3000,0.0,0.0,0.0,0.0
Ja'Mori Maclin,WR,WR/FLEX,BUF,1,3000,0.0,0.0,0.0,0.0
Trent Sherfield Sr.,WR,WR/FLEX,BUF,1,3000,0.0,0.0,0.0,0.0
Stephen Gosnell,WR,WR/FLEX,BUF,1,3000,0.0,0.0,0.0,0.0
LaJohntay Wester,WR,WR/FLEX,BAL,1,3000,0.0,0.0,0.0,0.0
Xavier Guillory,WR,WR/FLEX,BAL,1,3000,0.0,0.0,0.0,0.0
Chris Moore,WR,WR/FLEX,BAL,1,3000,0.0,0.0,0.0,0.0
Laquon Treadwell,WR,WR/FLEX,IND,1,3000,0.0,0.0,0.0,0.0
Coleman Owen,WR,WR/FLEX,IND,1,3000,0.0,0.0,0.0,0.0
D.J. Montgomery,WR,WR/FLEX,IND,1,3000,0.0,0.0,0.0,0.0
Anthony Gould,WR,WR/FLEX,IND,1,3000,0.0,0.0,0.0,0.0
Kameron Johnson,WR,WR/FLEX,TB,1,3000,0.0,0.0,0.0,0.0
David Sills V,WR,WR/FLEX,TB,1,3000,0.0,0.0,0.0,0.0
Dean Patterson IV,WR,WR/FLEX,TB,1,3000,0.0,0.0,0.0,0.0
Eric Rivers Jr.,WR,WR/FLEX,TB,1,3000,0.0,0.0,0.0,0.0
Garrett Greene,WR,WR/FLEX,TB,1,3000,0.0,0.0,0.0,0.0
Dohnte Meyers,WR,WR/FLEX,CIN,1,3000,0.0,0.0,0.0,0.0
Ke'Shawn Williams,WR,WR/FLEX,CIN,1,3000,0.0,0.0,0.0,0.0
Jordan Moore,WR,WR/FLEX,CIN,1,3000,0.0,0.0,0.0,0.0
Noah Thomas,WR,WR/FLEX,CIN,1,3000,0.0,0.0,0.0,0.0
Nikko Remigio,WR,WR/FLEX,KC,1,3000,0.0,0.0,0.0,0.0
Jeff Caldwell,WR,WR/FLEX,KC,1,3000,0.0,0.0,0.0,0.0
Jimmy Holiday,WR,WR/FLEX,KC,1,3000,0.0,0.0,0.0,0.0
Omari Evans,WR,WR/FLEX,KC,1,3000,0.0,0.0,0.0,0.0
Andrew Armstrong,WR,WR/FLEX,KC,1,3000,0.0,0.0,0.0,0.0
Michael Bandy,WR,WR/FLEX,DEN,1,3000,0.02,0.0,0.0,0.0
Dane Key,WR,WR/FLEX,DEN,1,3000,0.0,0.0,0.0,0.0
Kolbe Katsis,WR,WR/FLEX,DEN,1,3000,0.01,0.0,0.0,0.0
Montorie Foster Jr.,WR,WR/FLEX,SEA,1,3000,0.04,0.0,0.0,0.0
Irvin Charles,WR,WR/FLEX,SEA,1,3000,0.0,0.0,0.0,0.0
Ricky White III,WR,WR/FLEX,SEA,1,3000,0.0,0.0,0.0,0.0
Emmanuel Henderson Jr.,WR,WR/FLEX,SEA,1,3000,0.0,0.0,0.0,0.0
Julian Hicks,WR,WR/FLEX,SEA,1,3000,0.0,0.0,0.0,0.0
Efton Chism III,WR,WR/FLEX,NE,1,3000,0.01,0.0,0.0,0.0
Jeremiah Webb,WR,WR/FLEX,NE,1,3000,0.0,0.0,0.0,0.0
Kyle Dixon,WR,WR/FLEX,NE,1,3000,0.0,0.0,0.0,0.0
Cameron Dorner,WR,WR/FLEX,NE,1,3000,0.0,0.0,0.0,0.0
Jacob Cowing,WR,WR/FLEX,SF,1,3000,0.0,0.0,0.0,0.0
Brandon Aiyuk,WR,WR/FLEX,SF,1,3000,0.0,0.0,0.0,0.0
Will Pauling,WR,WR/FLEX,SF,1,3000,0.0,0.0,0.0,0.0
Wesley Grimes,WR,WR/FLEX,SF,1,3000,0.0,0.0,0.0,0.0
KhaDarel Hodge,WR,WR/FLEX,SF,1,3000,0.0,0.0,0.0,0.0
Xavier Smith,WR,WR/FLEX,LAR,1,3000,0.0,0.0,0.0,0.0
CJ Daniels,WR,WR/FLEX,LAR,1,3000,0.0,0.0,0.0,0.0
Brennan Presley,WR,WR/FLEX,LAR,1,3000,0.0,0.0,0.0,0.0
Alex Bachman,WR,WR/FLEX,LAR,1,3000,0.0,0.0,0.0,0.0
Gunner Olszewski,WR,WR/FLEX,NYG,1,3000,0.0,0.0,0.0,0.0
Braxton Berrios,WR,WR/FLEX,NYG,1,3000,0.01,0.0,0.0,0.0
Jalin Hyatt,WR,WR/FLEX,NYG,1,3000,0.0,0.0,0.0,0.0
Dalen Cambre,WR,WR/FLEX,NYG,1,3000,0.0,0.0,0.0,0.0
Charlie Jones,WR,WR/FLEX,NYG,1,3000,0.0,0.0,0.0,0.0
Camden Brown,WR,WR/FLEX,DAL,1,3000,0.04,0.0,0.0,0.0
Anthony Smith,WR,WR/FLEX,DAL,1,3000,0.0,0.0,0.0,0.0
Jordan Hudson,WR,WR/FLEX,DAL,1,3000,0.0,0.0,0.0,0.0
Noah Gray,TE,TE/FLEX,KC,1,3000,0.05,1.5,1.5,0.0
Darnell Washington,TE,TE/FLEX,PIT,1,3000,0.13,3.8,3.8,0.0
David Njoku,TE,TE/FLEX,LAC,1,3000,0.8,10.8,10.8,0.0
Jackson Meeks,TE,TE/FLEX,DET,1,3000,0.01,0.0,0.0,0.0
Luke Musgrave,TE,TE/FLEX,GB,1,3000,0.0,0.0,0.0,0.0
Jonnu Smith,TE,TE/FLEX,GB,1,3000,0.12,7.0,7.0,0.0
Terrance Ferguson,TE,TE/FLEX,LAR,1,3000,0.95,0.0,0.0,0.0
Rams,DST,DST,LAR,1,3000,5.79,2.0,2.0,0.0
Packers,DST,DST,GB,1,3000,1.08,1.0,1.0,0.0
Ravens,DST,DST,BAL,1,3000,1.15,6.0,6.0,0.0
Ronnie Bell,WR,WR/FLEX,LV,1,3000,0.0,0.0,0.0,0.0
Tommy Tremble,TE,TE/FLEX,CAR,1,2900,0.21,5.5,5.5,0.0
Michael Mayer,TE,TE/FLEX,LV,1,2900,15.64,9.2,9.2,0.0
Brock Wright,TE,TE/FLEX,DET,1,2900,0.0,0.0,0.0,0.0
Brevyn Spann-Ford,TE,TE/FLEX,DAL,1,2900,0.0,0.0,0.0,0.0
Broncos,DST,DST,DEN,1,2900,3.57,3.0,3.0,0.0
Raiders,DST,DST,LV,1,2900,5.03,13.0,13.0,0.0
Texans,DST,DST,HOU,1,2900,2.68,-2.0,-2.0,0.0
Theo Johnson,TE,TE/FLEX,NYG,1,2800,0.19,1.9,1.9,0.0
Sam Roush,TE,TE/FLEX,CHI,1,2800,0.0,0.0,0.0,0.0
Mason Taylor,TE,TE/FLEX,NYJ,1,2800,0.76,1.8,1.8,0.0
Ben Sinnott,TE,TE/FLEX,WAS,1,2800,0.0,0.0,0.0,0.0
Josh Oliver,TE,TE/FLEX,MIN,1,2800,0.02,4.2,4.2,0.0
Eli Raridon,TE,TE/FLEX,NE,1,2800,0.03,7.2,1.2,6.0
Cowboys,DST,DST,DAL,1,2800,3.12,3.0,3.0,0.0
Bears,DST,DST,CHI,1,2800,2.12,6.0,6.0,0.0
Vikings,DST,DST,MIN,1,2800,1.54,8.0,8.0,0.0
Ja'Tavion Sanders,TE,TE/FLEX,CAR,1,2700,0.03,0.0,0.0,0.0
Austin Hooper,TE,TE/FLEX,ATL,1,2700,0.01,0.0,0.0,0.0
Daniel Bellinger,TE,TE/FLEX,TEN,1,2700,0.08,1.7,1.7,0.0
Oscar Delp,TE,TE/FLEX,NO,1,2700,0.0,0.0,0.0,0.0
Marlin Klein,TE,TE/FLEX,HOU,1,2700,0.0,0.0,0.0,0.0
Adam Trautman,TE,TE/FLEX,DEN,1,2700,0.04,3.0,3.0,0.0
Max Klare,TE,TE/FLEX,LAR,1,2700,0.0,0.0,0.0,0.0
Dolphins,DST,DST,MIA,1,2700,1.73,4.0,4.0,0.0
Bengals,DST,DST,CIN,1,2700,0.79,18.0,12.0,6.0
Chiefs,DST,DST,KC,1,2700,1.07,12.0,12.0,0.0
Mitchell Evans,TE,TE/FLEX,CAR,1,2600,0.0,0.0,0.0,0.0
Nate Boerkircher,TE,TE/FLEX,JAX,1,2600,0.01,1.9,1.9,0.0
Tanner Koziol,TE,TE/FLEX,JAX,1,2600,0.0,0.0,0.0,0.0
Foster Moreau,TE,TE/FLEX,HOU,1,2600,0.0,0.0,0.0,0.0
Drew Sample,TE,TE/FLEX,CIN,1,2600,0.07,4.9,4.9,0.0
Elijah Arroyo,TE,TE/FLEX,SEA,1,2600,0.18,0.0,0.0,0.0
Patriots,DST,DST,NE,1,2600,2.25,6.0,6.0,0.0
Falcons,DST,DST,ATL,1,2600,1.6,5.0,5.0,0.0
Buccaneers,DST,DST,TB,1,2600,0.57,9.0,3.0,6.0
Luke Schoonmaker,TE,TE/FLEX,DAL,1,2500,0.060000000000000005,2.2,2.2,0.0
Jack Westover,TE,TE/FLEX,WAS,1,2500,0.01,0.0,0.0,0.0
Feleipe Franks,TE,TE/FLEX,CAR,1,2500,0.0,0.0,0.0,0.0
Nikola Kalinic,TE,TE/FLEX,CHI,1,2500,0.0,0.0,0.0,0.0
Hayden Large,TE,TE/FLEX,CHI,1,2500,0.0,0.0,0.0,0.0
Qadir Ismail,TE,TE/FLEX,CHI,1,2500,0.0,0.0,0.0,0.0
Stephen Carlson,TE,TE/FLEX,CHI,1,2500,0.0,0.0,0.0,0.0
Robert Tonyan,TE,TE/FLEX,PIT,1,2500,0.04,0.0,0.0,0.0
Lake McRee,TE,TE/FLEX,PIT,1,2500,0.0,0.0,0.0,0.0
Charlie Woerner,TE,TE/FLEX,ATL,1,2500,0.0,0.0,0.0,0.0
Nick Muse,TE,TE/FLEX,ATL,1,2500,0.0,0.0,0.0,0.0
Jack Velling,TE,TE/FLEX,ATL,1,2500,0.0,0.0,0.0,0.0
Jeremy Ruckert,TE,TE/FLEX,NYJ,1,2500,0.0,0.0,0.0,0.0
Jelani Woods,TE,TE/FLEX,NYJ,1,2500,0.0,0.0,0.0,0.0
Kylen Granson,TE,TE/FLEX,TEN,1,2500,0.0,0.0,0.0,0.0
David Martin-Robinson,TE,TE/FLEX,TEN,1,2500,0.0,0.0,0.0,0.0
Jaren Kanak,TE,TE/FLEX,TEN,1,2500,0.0,0.0,0.0,0.0
Joel Wilson,TE,TE/FLEX,TEN,1,2500,0.0,0.0,0.0,0.0
Will Kacmarek,TE,TE/FLEX,MIA,1,2500,0.0,0.0,0.0,0.0
Seydou Traore,TE,TE/FLEX,MIA,1,2500,0.0,0.0,0.0,0.0
Justin Joly,TE,TE/FLEX,MIA,1,2500,0.0,0.0,0.0,0.0
Cole Turner,TE,TE/FLEX,MIA,1,2500,0.0,0.0,0.0,0.0
Ben Sims,TE,TE/FLEX,MIA,1,2500,0.0,0.0,0.0,0.0
Tre Watson,TE,TE/FLEX,MIA,1,2500,0.0,0.0,0.0,0.0
Ian Thomas,TE,TE/FLEX,LV,1,2500,0.0,0.0,0.0,0.0
Carter Runyon,TE,TE/FLEX,LV,1,2500,0.0,0.0,0.0,0.0
Chris Myarick,TE,TE/FLEX,LV,1,2500,0.0,0.0,0.0,0.0
Albert Okwuegbunam Jr.,TE,TE/FLEX,LV,1,2500,0.0,0.0,0.0,0.0
Charlie Kolar,TE,TE/FLEX,LAC,1,2500,0.62,0.0,0.0,0.0
Patrick Herbert,TE,TE/FLEX,LAC,1,2500,0.0,0.0,0.0,0.0
Evan Svoboda,TE,TE/FLEX,LAC,1,2500,0.0,0.0,0.0,0.0
Elijah Higgins,TE,TE/FLEX,ARI,1,2500,0.02,0.0,0.0,0.0
Hunter Long,TE,TE/FLEX,ARI,1,2500,0.03,0.0,0.0,0.0
Tip Reiman,TE,TE/FLEX,ARI,1,2500,0.0,0.0,0.0,0.0
Jameson Geers,TE,TE/FLEX,ARI,1,2500,0.0,0.0,0.0,0.0
Shawn Bowman,TE,TE/FLEX,ARI,1,2500,0.0,0.0,0.0,0.0
Teagan Quitoriano,TE,TE/FLEX,ARI,1,2500,0.0,0.0,0.0,0.0
Quintin Morris,TE,TE/FLEX,JAX,1,2500,0.0,0.0,0.0,0.0
Hayden Rucci,TE,TE/FLEX,JAX,1,2500,0.0,0.0,0.0,0.0
Blake Whiteheart,TE,TE/FLEX,CLE,1,2500,0.02,2.4,2.4,0.0
Carsen Ryan,TE,TE/FLEX,CLE,1,2500,0.0,0.0,0.0,0.0
Joe Royer,TE,TE/FLEX,CLE,1,2500,0.0,0.0,0.0,0.0
Messiah Swinson,TE,TE/FLEX,CLE,1,2500,0.0,0.0,0.0,0.0
Moliki Matavao,TE,TE/FLEX,NO,1,2500,0.0,0.0,0.0,0.0
Stone Smartt,TE,TE/FLEX,NO,1,2500,0.0,0.0,0.0,0.0
Zach Wood,TE,TE/FLEX,NO,1,2500,0.0,0.0,0.0,0.0
Treyton Welch,TE,TE/FLEX,NO,1,2500,0.0,0.0,0.0,0.0
Tyler Conklin,TE,TE/FLEX,DET,1,2500,0.0,0.0,0.0,0.0
Thomas Gordon,TE,TE/FLEX,DET,1,2500,0.0,0.0,0.0,0.0
John Bates,TE,TE/FLEX,WAS,1,2500,0.0,0.0,0.0,0.0
Colson Yankoff,TE,TE/FLEX,WAS,1,2500,0.0,0.0,0.0,0.0
Quentin Moore,TE,TE/FLEX,WAS,1,2500,0.0,0.0,0.0,0.0
Joshua Simon,TE,TE/FLEX,WAS,1,2500,0.0,0.0,0.0,0.0
Tyler Ott,TE,TE/FLEX,WAS,1,2500,0.0,0.0,0.0,0.0
Johnny Mundt,TE,TE/FLEX,PHI,1,2500,0.01,0.0,0.0,0.0
E.J. Jenkins,TE,TE/FLEX,PHI,1,2500,0.0,0.0,0.0,0.0
Grant Calcaterra,TE,TE/FLEX,PHI,1,2500,0.0,0.0,0.0,0.0
Rocco Underwood,TE,TE/FLEX,PHI,1,2500,0.0,0.0,0.0,0.0
Ben Yurosek,TE,TE/FLEX,MIN,1,2500,0.0,0.0,0.0,0.0
Gavin Bartholomew,TE,TE/FLEX,MIN,1,2500,0.0,0.0,0.0,0.0
Andrew DePaola,TE,TE/FLEX,MIN,1,2500,0.0,0.0,0.0,0.0
Cam Grandy,TE,TE/FLEX,MIN,1,2500,0.0,0.0,0.0,0.0
Josh Whyle,TE,TE/FLEX,GB,1,2500,0.0,0.0,0.0,0.0
Mark Redman,TE,TE/FLEX,GB,1,2500,0.0,0.0,0.0,0.0
Thomas Yassmin,TE,TE/FLEX,GB,1,2500,0.0,0.0,0.0,0.0
Drake Dabney,TE,TE/FLEX,GB,1,2500,0.0,0.0,0.0,0.0
Cade Stover,TE,TE/FLEX,HOU,1,2500,0.02,0.8,0.8,0.0
Brevin Jordan,TE,TE/FLEX,HOU,1,2500,0.0,0.0,0.0,0.0
Zaire Mitchell-Paden,TE,TE/FLEX,HOU,1,2500,0.0,0.0,0.0,0.0
Jackson Hawes,TE,TE/FLEX,BUF,1,2500,0.01,0.0,0.0,0.0
Keleki Latu,TE,TE/FLEX,BUF,1,2500,0.0,0.0,0.0,0.0
Durham Smythe,TE,TE/FLEX,BAL,1,2500,0.0,0.0,0.0,0.0
Matt Hibner,TE,TE/FLEX,BAL,1,2500,0.0,0.0,0.0,0.0
Josh Cuevas,TE,TE/FLEX,BAL,1,2500,0.0,0.0,0.0,0.0
Ty Pezza,TE,TE/FLEX,BAL,1,2500,0.0,0.0,0.0,0.0
Nick Vannett,TE,TE/FLEX,BAL,1,2500,0.0,0.0,0.0,0.0
Mo Alie-Cox,TE,TE/FLEX,IND,1,2500,0.0,0.0,0.0,0.0
Drew Ogletree,TE,TE/FLEX,IND,1,2500,0.0,0.0,0.0,0.0
Will Mallory,TE,TE/FLEX,IND,1,2500,0.0,0.0,0.0,0.0
Carson Towt,TE,TE/FLEX,IND,1,2500,0.0,0.0,0.0,0.0
Pharaoh Brown,TE,TE/FLEX,IND,1,2500,0.0,0.0,0.0,0.0
Payne Durham,TE,TE/FLEX,TB,1,2500,0.0,0.0,0.0,0.0
Ko Kieft,TE,TE/FLEX,TB,1,2500,0.0,0.0,0.0,0.0
Bauer Sharp,TE,TE/FLEX,TB,1,2500,0.0,0.0,0.0,0.0
CJ Dippre,TE,TE/FLEX,TB,1,2500,0.0,0.0,0.0,0.0
Evan Deckers,TE,TE/FLEX,TB,1,2500,0.0,0.0,0.0,0.0
Erick All Jr.,TE,TE/FLEX,CIN,1,2500,0.01,0.0,0.0,0.0
Jack Endries,TE,TE/FLEX,CIN,1,2500,0.0,0.0,0.0,0.0
Tanner Hudson,TE,TE/FLEX,CIN,1,2500,0.0,0.0,0.0,0.0
William Wagner,TE,TE/FLEX,CIN,1,2500,0.0,0.0,0.0,0.0
Jared Wiley,TE,TE/FLEX,KC,1,2500,0.0,0.0,0.0,0.0
Jake Briningstool,TE,TE/FLEX,KC,1,2500,0.0,0.0,0.0,0.0
John Michael Gyllenborg,TE,TE/FLEX,KC,1,2500,0.0,0.0,0.0,0.0
James Winchester,TE,TE/FLEX,KC,1,2500,0.0,0.0,0.0,0.0
Nate Adkins,TE,TE/FLEX,DEN,1,2500,0.0,0.0,0.0,0.0
Dallen Bentley,TE,TE/FLEX,DEN,1,2500,0.0,0.0,0.0,0.0
Caleb Lohner,TE,TE/FLEX,DEN,1,2500,0.0,0.0,0.0,0.0
Lucas Krull,TE,TE/FLEX,DEN,1,2500,0.01,0.0,0.0,0.0
Mitchell Fraboni,TE,TE/FLEX,DEN,1,2500,0.0,0.0,0.0,0.0
Luke Basso,TE,TE/FLEX,DEN,1,2500,0.0,0.0,0.0,0.0
Eric Saubert,TE,TE/FLEX,SEA,1,2500,0.0,0.0,0.0,0.0
Nick Kallerup,TE,TE/FLEX,SEA,1,2500,0.0,0.0,0.0,0.0
Cameron Latu,TE,TE/FLEX,NE,1,2500,0.0,0.0,0.0,0.0
Tanner Arkin,TE,TE/FLEX,NE,1,2500,0.0,0.0,0.0,0.0
Julian Hill,TE,TE/FLEX,NE,1,2500,0.0,0.0,0.0,0.0
Shane Zylstra,TE,TE/FLEX,NE,1,2500,0.0,0.0,0.0,0.0
Luke Farrell,TE,TE/FLEX,SF,1,2500,0.0,0.0,0.0,0.0
Brayden Willis,TE,TE/FLEX,SF,1,2500,0.0,0.0,0.0,0.0
Khalil Dinkins,TE,TE/FLEX,SF,1,2500,0.0,0.0,0.0,0.0
Davis Allen,TE,TE/FLEX,LAR,1,2500,0.01,2.3,2.3,0.0
Dan Villari,TE,TE/FLEX,LAR,1,2500,0.0,0.0,0.0,0.0
Chris Manhertz,TE,TE/FLEX,NYG,1,2500,0.0,0.0,0.0,0.0
Thomas Fidone II,TE,TE/FLEX,NYG,1,2500,0.0,0.0,0.0,0.0
Ben Mann,TE,TE/FLEX,NYG,1,2500,0.0,0.0,0.0,0.0
Princeton Fant,TE,TE/FLEX,DAL,1,2500,0.0,0.0,0.0,0.0
DJ Rogers,TE,TE/FLEX,DAL,1,2500,0.0,0.0,0.0,0.0
Michael Trigg,TE,TE/FLEX,DAL,1,2500,0.0,0.0,0.0,0.0
Mitch Van Vooren,TE,TE/FLEX,DAL,1,2500,0.0,0.0,0.0,0.0
Panthers,DST,DST,CAR,1,2500,0.5,0.0,0.0,0.0
Jets,DST,DST,NYJ,1,2500,10.67,9.0,9.0,0.0
Thomas Odukoya,TE,TE/FLEX,KC,1,2500,0.01,0.0,0.0,0.0
James Mitchell,TE,TE/FLEX,DAL,1,2500,0.0,0.0,0.0,0.0
Giants,DST,DST,NYG,1,2400,1.09,3.0,3.0,0.0
Colts,DST,DST,IND,1,2400,0.89,0.0,0.0,0.0
Commanders,DST,DST,WAS,1,2300,0.54,3.0,3.0,0.0
49ers,DST,DST,SF,1,2300,1.21,8.0,8.0,0.0
Saints,DST,DST,NO,1,2200,0.84,2.0,2.0,0.0
Browns,DST,DST,CLE,1,2100,7.25,0.0,0.0,0.0
Cardinals,DST,DST,ARI,1,2000,2.86,10.0,10.0,0.0
Jahmyr Gibbs,RB,RB/FLEX,DET,2,8500,32.65,23.3,17.3,6.0
Bijan Robinson,RB,RB/FLEX,ATL,2,8200,25.549999999999997,11.1,11.1,0.0
Jaxon Smith-Njigba,WR,WR/FLEX,SEA,2,8100,5.92,45.5,27.5,18.0
Christian McCaffrey,RB,RB/FLEX,SF,2,8000,9.33,22.6,10.6,12.0
Puka Nacua,WR,WR/FLEX,LAR,2,7900,2.89,0.0,0.0,0.0
Justin Jefferson,WR,WR/FLEX,MIN,2,7800,8.879999999999999,8.5,8.5,0.0
Amon-Ra St. Brown,WR,WR/FLEX,DET,2,7700,14.200000000000001,38.2,26.2,12.0
Ja'Marr Chase,WR,WR/FLEX,CIN,2,7600,5.5,26.5,14.5,12.0
Jonathan Taylor,RB,RB/FLEX,IND,2,7500,3.46,29.2,17.2,12.0
Josh Allen,QB,QB,BUF,2,7400,26.04,40.82,16.82,24.0
Lamar Jackson,QB,QB,BAL,2,7300,3.18,15.8,11.8,4.0
CeeDee Lamb,WR,WR/FLEX,DAL,2,7300,8.29,38.3,26.3,12.0
Derrick Henry,RB,RB/FLEX,BAL,2,7200,22.37,17.7,11.7,6.0
Chris Olave,WR,WR/FLEX,NO,2,7200,3.06,22.6,16.6,6.0
Saquon Barkley,RB,RB/FLEX,PHI,2,7000,4.8100000000000005,3.0,3.0,0.0
Nico Collins,WR,WR/FLEX,HOU,2,7000,0.94,0.0,0.0,0.0
Chase Brown,RB,RB/FLEX,CIN,2,6900,1.3199999999999998,11.2,11.2,0.0
Trey McBride,TE,TE/FLEX,ARI,2,6900,3.0700000000000003,18.1,12.1,6.0
Caleb Williams,QB,QB,CHI,2,6800,5.18,8.72,8.72,0.0
Ashton Jeanty,RB,RB/FLEX,LV,2,6800,7.74,10.3,10.3,0.0
DeVonta Smith,WR,WR/FLEX,PHI,2,6800,2.9299999999999997,30.7,24.7,6.0
Jalen Hurts,QB,QB,PHI,2,6700,2.3,18.16,10.16,8.0
De'Von Achane,RB,RB/FLEX,MIA,2,6700,1.3299999999999998,12.3,12.3,0.0
James Cook III,RB,RB/FLEX,BUF,2,6700,13.25,23.9,17.9,6.0
Zay Flowers,WR,WR/FLEX,BAL,2,6700,0.34,0.0,0.0,0.0
Joe Burrow,QB,QB,CIN,2,6600,1.04,16.18,8.18,8.0
Omarion Hampton,RB,RB/FLEX,LAC,2,6600,1.69,18.5,12.5,6.0
Mike Evans,WR,WR/FLEX,SF,2,6600,5.68,8.4,8.4,0.0
Brock Bowers,TE,TE/FLEX,LV,2,6600,0.0,0.0,0.0,0.0
Kenneth Walker III,RB,RB/FLEX,KC,2,6500,39.599999999999994,26.8,26.8,0.0
David Montgomery,RB,RB/FLEX,HOU,2,6500,6.8,4.4,4.4,0.0
Malik Nabers,WR,WR/FLEX,NYG,2,6500,8.51,1.1,1.1,0.0
Jaylen Waddle,WR,WR/FLEX,DEN,2,6500,0.87,24.8,24.8,0.0
Dak Prescott,QB,QB,DAL,2,6400,5.6,29.76,13.76,16.0
Javonte Williams,RB,RB/FLEX,DAL,2,6400,9.25,8.0,8.0,0.0
Kyren Williams,RB,RB/FLEX,LAR,2,6400,5.3100000000000005,16.7,10.7,6.0
Rashee Rice,WR,WR/FLEX,KC,2,6400,4.51,12.3,12.3,0.0
Emeka Egbuka,WR,WR/FLEX,TB,2,6400,5.2299999999999995,10.3,4.3,6.0
Jayden Daniels,QB,QB,WAS,2,6300,2.99,14.74,10.74,4.0
D'Andre Swift,RB,RB/FLEX,CHI,2,6300,3.4099999999999997,13.9,13.9,0.0
Josh Jacobs,RB,RB/FLEX,GB,2,6300,0.0,0.0,0.0,0.0
George Pickens,WR,WR/FLEX,DAL,2,6300,10.06,10.0,10.0,0.0
Brock Purdy,QB,QB,SF,2,6200,6.98,28.48,14.48,14.0
Jared Goff,QB,QB,DET,2,6200,4.19,32.78,16.78,16.0
Breece Hall,RB,RB/FLEX,NYJ,2,6200,4.17,14.2,14.2,0.0
Ladd McConkey,WR,WR/FLEX,LAC,2,6200,0.97,6.5,6.5,0.0
Christian Watson,WR,WR/FLEX,GB,2,6200,11.389999999999999,14.1,8.1,6.0
Drake Maye,QB,QB,NE,2,6100,0.94,9.02,9.02,0.0
Bucky Irving,RB,RB/FLEX,TB,2,6100,6.83,13.0,13.0,0.0
Tetairoa McMillan,WR,WR/FLEX,CAR,2,6100,3.37,18.1,18.1,0.0
Tee Higgins,WR,WR/FLEX,CIN,2,6100,1.93,14.5,14.5,0.0
Matthew Stafford,QB,QB,LAR,2,6000,3.25,30.98,14.98,16.0
Justin Herbert,QB,QB,LAC,2,6000,1.51,9.88,5.88,4.0
Travis Etienne Jr.,RB,RB/FLEX,NO,2,6000,1.72,7.1,7.1,0.0
Drake London,WR,WR/FLEX,ATL,2,6000,2.39,8.9,8.9,0.0
Garrett Wilson,WR,WR/FLEX,NYJ,2,6000,6.29,16.7,10.7,6.0
Jordan Love,QB,QB,GB,2,5900,2.56,13.8,5.8,8.0
Jeremiyah Love,RB,RB/FLEX,ARI,2,5900,0.88,7.5,7.5,0.0
Cam Skattebo,RB,RB/FLEX,NYG,2,5900,5.3,9.5,9.5,0.0
Parker Washington,WR,WR/FLEX,JAX,2,5900,5.45,16.8,16.8,0.0
Davante Adams,WR,WR/FLEX,LAR,2,5900,12.06,42.5,30.5,12.0
Trevor Lawrence,QB,QB,JAX,2,5800,2.88,7.16,7.16,0.0
Jaxson Dart,QB,QB,NYG,2,5800,4.74,0.8,0.8,0.0
Chuba Hubbard,RB,RB/FLEX,CAR,2,5800,4.26,14.4,8.4,6.0
Courtland Sutton,WR,WR/FLEX,DEN,2,5800,0.76,5.5,5.5,0.0
DJ Moore,WR,WR/FLEX,BUF,2,5800,31.39,-0.1,-0.1,0.0
Bo Nix,QB,QB,DEN,2,5700,0.69,15.12,11.12,4.0
Rhamondre Stevenson,RB,RB/FLEX,NE,2,5700,3.87,4.6,4.6,0.0
Luther Burden III,WR,WR/FLEX,CHI,2,5700,5.31,6.2,6.2,0.0
Jameson Williams,WR,WR/FLEX,DET,2,5700,6.68,5.3,5.3,0.0
Baker Mayfield,QB,QB,TB,2,5600,3.18,13.18,9.18,4.0
Bhayshul Tuten,RB,RB/FLEX,JAX,2,5600,1.9300000000000002,14.2,8.2,6.0
Alec Pierce,WR,WR/FLEX,IND,2,5600,0.72,2.1,2.1,0.0
Chris Godwin Jr.,WR,WR/FLEX,TB,2,5600,2.3899999999999997,8.8,8.8,0.0
C.J. Stroud,QB,QB,HOU,2,5500,1.09,20.02,20.02,0.0
Patrick Mahomes,QB,QB,KC,2,5500,7.75,31.98,19.98,12.0
Jadarian Price,RB,RB/FLEX,SEA,2,5500,2.62,6.0,6.0,0.0
Jacory Croskey-Merritt,RB,RB/FLEX,WAS,2,5500,2.36,5.8,5.8,0.0
Rome Odunze,WR,WR/FLEX,CHI,2,5500,3.5799999999999996,7.3,7.3,0.0
Sam Darnold,QB,QB,SEA,2,5400,0.0,0.0,0.0,0.0
Bryce Young,QB,QB,CAR,2,5400,3.01,24.08,12.08,12.0
Jaylen Warren,RB,RB/FLEX,PIT,2,5400,0.96,9.7,9.7,0.0
Quinshon Judkins,RB,RB/FLEX,CLE,2,5400,0.84,9.8,9.8,0.0
Michael Wilson,WR,WR/FLEX,ARI,2,5400,1.1600000000000001,3.8,3.8,0.0
Josh Downs,WR,WR/FLEX,IND,2,5400,0.47,14.2,14.2,0.0
Tyler Shough,QB,QB,NO,2,5300,2.14,22.38,12.38,10.0
Kyle Monangai,RB,RB/FLEX,CHI,2,5300,1.51,7.8,7.8,0.0
Tony Pollard,RB,RB/FLEX,TEN,2,5300,0.30000000000000004,7.5,7.5,0.0
MarShawn Lloyd,RB,RB/FLEX,GB,2,5300,0.5700000000000001,9.6,3.6,6.0
Deebo Samuel Sr.,WR,WR/FLEX,SF,2,5300,10.63,6.5,6.5,0.0
Stefon Diggs,WR,WR/FLEX,WAS,2,5300,5.57,21.7,9.7,12.0
Daniel Jones,QB,QB,IND,2,5200,0.19,12.4,8.4,4.0
Malik Willis,QB,QB,MIA,2,5200,0.44,12.48,8.48,4.0
Jordan Mason,RB,RB/FLEX,MIN,2,5200,0.0,0.0,0.0,0.0
RJ Harvey,RB,RB/FLEX,DEN,2,5200,0.25,0.0,0.0,0.0
TreVeyon Henderson,RB,RB/FLEX,NE,2,5200,0.92,13.6,7.6,6.0
DK Metcalf,WR,WR/FLEX,PIT,2,5200,4.02,6.7,6.7,0.0
Terry McLaurin,WR,WR/FLEX,WAS,2,5200,7.25,7.0,7.0,0.0
Tyler Warren,TE,TE/FLEX,IND,2,5200,1.5999999999999999,14.4,8.4,6.0
Kyler Murray,QB,QB,MIN,2,5100,0.02,0.0,0.0,0.0
Aaron Rodgers,QB,QB,PIT,2,5100,0.17,5.98,5.98,0.0
Aaron Jones Sr.,RB,RB/FLEX,MIN,2,5100,11.54,13.5,13.5,0.0
Chris Rodriguez Jr.,RB,RB/FLEX,JAX,2,5100,0.16999999999999998,1.3,1.3,0.0
Kenny Gainwell,RB,RB/FLEX,TB,2,5100,0.27,4.5,4.5,0.0
Jordan Addison,WR,WR/FLEX,MIN,2,5100,1.06,4.1,4.1,0.0
Carnell Tate,WR,WR/FLEX,TEN,2,5100,0.32,5.7,5.7,0.0
Jalen Coker,WR,WR/FLEX,CAR,2,5100,9.03,14.6,14.6,0.0
Jacoby Brissett,QB,QB,ARI,2,5000,0.34,7.5,3.5,4.0
Kirk Cousins,QB,QB,LV,2,5000,0.37,21.22,9.22,12.0
J.K. Dobbins,RB,RB/FLEX,DEN,2,5000,1.7,3.6,3.6,0.0
Rachaad White,RB,RB/FLEX,WAS,2,5000,0.12000000000000001,14.3,14.3,0.0
Quentin Johnston,WR,WR/FLEX,LAC,2,5000,4.74,2.4,2.4,0.0
Romeo Doubs,WR,WR/FLEX,NE,2,5000,1.26,12.6,12.6,0.0
Colston Loveland,TE,TE/FLEX,CHI,2,5000,3.8,1.3,1.3,0.0
Drew Lock,QB,QB,SEA,2,4900,0.86,21.4,9.4,12.0
Cam Ward,QB,QB,TEN,2,4900,0.03,20.02,8.02,12.0
Tyler Allgeier,RB,RB/FLEX,ARI,2,4900,0.62,3.9,3.9,0.0
Rico Dowdle,RB,RB/FLEX,PIT,2,4900,0.1,6.4,6.4,0.0
Blake Corum,RB,RB/FLEX,LAR,2,4900,1.06,10.2,10.2,0.0
Marvin Harrison Jr.,WR,WR/FLEX,ARI,2,4900,0.72,0.0,0.0,0.0
Jakobi Meyers,WR,WR/FLEX,JAX,2,4900,0.84,3.8,3.8,0.0
Tucker Kraft,TE,TE/FLEX,GB,2,4900,2.34,3.5,3.5,0.0
Geno Smith,QB,QB,NYJ,2,4800,0.35,15.58,11.58,4.0
Tyjae Spears,RB,RB/FLEX,TEN,2,4800,0.1,9.0,9.0,0.0
Jonathon Brooks,RB,RB/FLEX,CAR,2,4800,0.1,2.1,2.1,0.0
Chris Brooks,RB,RB/FLEX,GB,2,4800,0.07,3.6,3.6,0.0
De'Zhaun Stribling,WR,WR/FLEX,SF,2,4800,0.02,0.0,0.0,0.0
Brian Thomas Jr.,WR,WR/FLEX,JAX,2,4800,0.24,7.0,7.0,0.0
Dallas Goedert,TE,TE/FLEX,PHI,2,4800,7.65,1.4,1.4,0.0
Michael Penix Jr.,QB,QB,ATL,2,4700,0.02,0.0,0.0,0.0
Tua Tagovailoa,QB,QB,ATL,2,4700,0.0,0.0,0.0,0.0
Tank Bigsby,RB,RB/FLEX,PHI,2,4700,0.05,11.8,5.8,6.0
Brian Robinson Jr.,RB,RB/FLEX,ATL,2,4700,0.2,8.7,8.7,0.0
Matthew Golden,WR,WR/FLEX,GB,2,4700,12.72,9.8,9.8,0.0
Michael Pittman Jr.,WR,WR/FLEX,PIT,2,4700,0.5,0.0,0.0,0.0
Khalil Shakir,WR,WR/FLEX,BUF,2,4700,8.67,6.8,6.8,0.0
Dalton Kincaid,TE,TE/FLEX,BUF,2,4700,18.34,22.5,16.5,6.0
Carson Wentz,QB,QB,MIN,2,4600,5.01,6.32,6.32,0.0
Keaton Mitchell,RB,RB/FLEX,LAC,2,4600,0.05,4.9,4.9,0.0
Alvin Kamara,RB,RB/FLEX,NO,2,4600,0.6000000000000001,7.2,7.2,0.0
Keenan Allen,WR,WR/FLEX,IND,2,4600,0.8899999999999999,1.5,1.5,0.0
Makai Lemon,WR,WR/FLEX,PHI,2,4600,0.27,1.9,1.9,0.0
Wan'Dale Robinson,WR,WR/FLEX,TEN,2,4600,0.52,1.9,1.9,0.0
George Kittle,TE,TE/FLEX,SF,2,4600,2.0,18.0,12.0,6.0
Fernando Mendoza,QB,QB,LV,2,4500,0.0,0.0,0.0,0.0
Deshaun Watson,QB,QB,CLE,2,4500,0.15,19.72,11.72,8.0
Shedeur Sanders,QB,QB,CLE,2,4500,0.0,0.0,0.0,0.0
Justin Fields,QB,QB,KC,2,4500,0.0,0.0,0.0,0.0
Emmett Johnson,RB,RB/FLEX,KC,2,4500,0.59,5.5,5.5,0.0
Kaelon Black,RB,RB/FLEX,SF,2,4500,1.29,2.5,2.5,0.0
George Holani,RB,RB/FLEX,SEA,2,4500,0.03,2.5,2.5,0.0
Kendre Miller,RB,RB/FLEX,NO,2,4500,0.02,0.0,0.0,0.0
Kaytron Allen,RB,RB/FLEX,WAS,2,4500,0.03,2.4,2.4,0.0
Emari Demercado,RB,RB/FLEX,DAL,2,4500,0.0,0.0,0.0,0.0
Woody Marks,RB,RB/FLEX,HOU,2,4500,0.25,8.5,8.5,0.0
Sione Vaki,RB,RB/FLEX,DET,2,4500,0.03,3.0,3.0,0.0
Tre Tucker,WR,WR/FLEX,LV,2,4500,0.54,25.9,19.9,6.0
Jayden Reed,WR,WR/FLEX,GB,2,4500,1.82,1.4,1.4,0.0
Xavier Worthy,WR,WR/FLEX,KC,2,4500,4.05,13.5,7.5,6.0
Isaiah Likely,TE,TE/FLEX,NYG,2,4500,14.11,8.3,8.3,0.0
Kyle Pitts Sr.,TE,TE/FLEX,ATL,2,4500,0.8799999999999999,2.5,2.5,0.0
Jalen Milroe,QB,QB,SEA,2,4400,0.0,0.0,0.0,0.0
Sean Tucker,RB,RB/FLEX,TB,2,4400,0.02,0.0,0.0,0.0
Dylan Sampson,RB,RB/FLEX,CLE,2,4400,0.0,0.0,0.0,0.0
Samaje Perine,RB,RB/FLEX,CIN,2,4400,0.11,3.2,3.2,0.0
Ray Davis,RB,RB/FLEX,BUF,2,4400,0.07,0.0,0.0,0.0
Tyrone Tracy Jr.,RB,RB/FLEX,NYG,2,4400,0.0,0.0,0.0,0.0
Rashod Bateman,WR,WR/FLEX,BAL,2,4400,2.44,21.8,15.8,6.0
Jalen McMillan,WR,WR/FLEX,TB,2,4400,0.29,0.0,0.0,0.0
Antonio Williams,WR,WR/FLEX,WAS,2,4400,3.06,5.4,5.4,0.0
Mark Andrews,TE,TE/FLEX,BAL,2,4400,4.47,10.9,10.9,0.0
J.J. McCarthy,QB,QB,MIN,2,4300,0.0,0.0,0.0,0.0
Kimani Vidal,RB,RB/FLEX,LAC,2,4300,0.0,0.0,0.0,0.0
Mike Washington Jr.,RB,RB/FLEX,LV,2,4300,0.09000000000000001,0.7,0.7,0.0
Nick Singleton,RB,RB/FLEX,TEN,2,4300,0.0,0.0,0.0,0.0
Kaleb Johnson,RB,RB/FLEX,GB,2,4300,0.0,0.0,0.0,0.0
Seth McGowan,RB,RB/FLEX,IND,2,4300,0.0,0.0,0.0,0.0
Rashid Shaheed,WR,WR/FLEX,SEA,2,4300,0.32,6.9,6.9,0.0
Dontayvion Wicks,WR,WR/FLEX,PHI,2,4300,4.680000000000001,12.4,12.4,0.0
Mack Hollins,WR,WR/FLEX,NE,2,4300,1.5899999999999999,3.8,3.8,0.0
Sam LaPorta,TE,TE/FLEX,DET,2,4300,5.6,17.2,11.2,6.0
Jarrett Stidham,QB,QB,DEN,2,4200,0.0,0.0,0.0,0.0
Cooper Rush,QB,QB,ATL,2,4200,0.27,2.44,2.44,0.0
Jaylen Wright,RB,RB/FLEX,MIA,2,4200,0.03,1.1,1.1,0.0
Jonah Coleman,RB,RB/FLEX,DEN,2,4200,0.02,14.8,8.8,6.0
Justice Hill,RB,RB/FLEX,BAL,2,4200,0.05,3.8,3.8,0.0
Will Shipley,RB,RB/FLEX,PHI,2,4200,0.0,0.0,0.0,0.0
Braelon Allen,RB,RB/FLEX,NYJ,2,4200,0.02,8.5,2.5,6.0
Corey Kiner,RB,RB/FLEX,NE,2,4200,0.02,0.0,0.0,0.0
Ty Johnson,RB,RB/FLEX,BUF,2,4200,0.02,0.0,0.0,0.0
Pat Bryant,WR,WR/FLEX,DEN,2,4200,1.21,1.6,1.6,0.0
Devaughn Vele,WR,WR/FLEX,NO,2,4200,10.11,11.4,11.4,0.0
Denzel Boston,WR,WR/FLEX,CLE,2,4200,0.4,20.5,14.5,6.0
Travis Kelce,TE,TE/FLEX,KC,2,4200,5.2299999999999995,28.1,22.1,6.0
Joe Flacco,QB,QB,CIN,2,4100,0.08,0.0,0.0,0.0
Devin Singletary,RB,RB/FLEX,NYG,2,4100,0.64,0.9,0.9,0.0
Ameer Abdullah,RB,RB/FLEX,JAX,2,4100,0.0,0.0,0.0,0.0
Cooper Kupp,WR,WR/FLEX,SEA,2,4100,0.45,4.0,4.0,0.0
Calvin Ridley,WR,WR/FLEX,TEN,2,4100,0.03,5.5,5.5,0.0
KC Concepcion,WR,WR/FLEX,CLE,2,4100,0.0,0.0,0.0,0.0
Malachi Fields,WR,WR/FLEX,NYG,2,4100,0.9400000000000001,5.0,5.0,0.0
Harold Fannin Jr.,TE,TE/FLEX,CLE,2,4100,0.97,10.4,10.4,0.0
Anthony Richardson Sr.,QB,QB,IND,2,4000,0.02,0.0,0.0,0.0
Riley Leonard,QB,QB,IND,2,4000,0.0,0.0,0.0,0.0
Stetson Bennett IV,QB,QB,LAR,2,4000,0.0,0.0,0.0,0.0
Max Brosmer,QB,QB,MIN,2,4000,0.0,0.0,0.0,0.0
Tyson Bagent,QB,QB,CHI,2,4000,0.0,0.0,0.0,0.0
Case Keenum,QB,QB,CHI,2,4000,0.0,0.0,0.0,0.0
Miller Moss,QB,QB,CHI,2,4000,0.0,0.0,0.0,0.0
Mac Jones,QB,QB,SF,2,4000,0.0,0.0,0.0,0.0
Kurtis Rourke,QB,QB,SF,2,4000,0.0,0.0,0.0,0.0
Kyle McCord,QB,QB,MIA,2,4000,0.0,0.0,0.0,0.0
Brady Cook,QB,QB,MIA,2,4000,0.0,0.0,0.0,0.0
Gardner Minshew II,QB,QB,ARI,2,4000,0.0,0.0,0.0,0.0
Carson Beck,QB,QB,ARI,2,4000,0.0,0.0,0.0,0.0
Trey Lance,QB,QB,LAC,2,4000,0.0,0.0,0.0,0.0
DJ Uiagalelei,QB,QB,LAC,2,4000,0.0,0.0,0.0,0.0
Aidan O'Connell,QB,QB,LV,2,4000,0.0,0.0,0.0,0.0
Nick Mullens,QB,QB,JAX,2,4000,0.0,0.0,0.0,0.0
Quinn Ewers,QB,QB,JAX,2,4000,0.0,0.0,0.0,0.0
Joey Aguilar,QB,QB,JAX,2,4000,0.0,0.0,0.0,0.0
Sam Ehlinger,QB,QB,DEN,2,4000,0.0,0.0,0.0,0.0
Tyler Huntley,QB,QB,BAL,2,4000,0.0,0.0,0.0,0.0
Joe Fagnano,QB,QB,BAL,2,4000,0.0,0.0,0.0,0.0
Skylar Thompson,QB,QB,BAL,2,4000,0.0,0.0,0.0,0.0
Spencer Rattler,QB,QB,NO,2,4000,0.0,0.0,0.0,0.0
Zach Wilson,QB,QB,NO,2,4000,0.0,0.0,0.0,0.0
Andy Dalton,QB,QB,PHI,2,4000,0.0,0.0,0.0,0.0
Tanner McKee,QB,QB,PHI,2,4000,0.0,0.0,0.0,0.0
Cole Payton,QB,QB,PHI,2,4000,0.0,0.0,0.0,0.0
Mitchell Trubisky,QB,QB,TEN,2,4000,0.0,0.0,0.0,0.0
Hendon Hooker,QB,QB,TEN,2,4000,0.0,0.0,0.0,0.0
Kenny Pickett,QB,QB,CAR,2,4000,0.0,0.0,0.0,0.0
Haynes King,QB,QB,CAR,2,4000,0.0,0.0,0.0,0.0
Jack Strand,QB,QB,ATL,2,4000,0.0,0.0,0.0,0.0
Cade Klubnik,QB,QB,NYJ,2,4000,0.0,0.0,0.0,0.0
Bailey Zappe,QB,QB,NYJ,2,4000,0.0,0.0,0.0,0.0
Tyrod Taylor,QB,QB,GB,2,4000,0.0,0.0,0.0,0.0
Kedon Slovis,QB,QB,GB,2,4000,0.0,0.0,0.0,0.0
Garrett Nussmeier,QB,QB,KC,2,4000,0.0,0.0,0.0,0.0
Mason Rudolph,QB,QB,PIT,2,4000,0.0,0.0,0.0,0.0
Will Howard,QB,QB,PIT,2,4000,0.0,0.0,0.0,0.0
Drew Allar,QB,QB,PIT,2,4000,0.0,0.0,0.0,0.0
Tommy DeVito,QB,QB,NE,2,4000,0.0,0.0,0.0,0.0
Behren Morton,QB,QB,NE,2,4000,0.0,0.0,0.0,0.0
Jalon Daniels,QB,QB,TB,2,4000,0.0,0.0,0.0,0.0
Easton Stick,QB,QB,TB,2,4000,0.0,0.0,0.0,0.0
Taylen Green,QB,QB,CLE,2,4000,0.0,0.0,0.0,0.0
Dillon Gabriel,QB,QB,CLE,2,4000,0.0,0.0,0.0,0.0
Marcus Mariota,QB,QB,WAS,2,4000,0.0,0.0,-4.0,4.0
Athan Kaliakmanis,QB,QB,WAS,2,4000,0.0,0.0,0.0,0.0
Sam Hartman,QB,QB,WAS,2,4000,0.0,0.0,0.0,0.0
Sam Howell,QB,QB,DAL,2,4000,0.0,0.0,0.0,0.0
Joe Milton III,QB,QB,DAL,2,4000,0.0,0.0,0.0,0.0
Sean Clifford,QB,QB,CIN,2,4000,0.0,0.0,0.0,0.0
Josh Johnson,QB,QB,CIN,2,4000,0.0,0.0,0.0,0.0
Davis Mills,QB,QB,HOU,2,4000,0.0,0.0,0.0,0.0
Graham Mertz,QB,QB,HOU,2,4000,0.0,0.0,0.0,0.0
Mark Gronowski,QB,QB,HOU,2,4000,0.0,0.0,0.0,0.0
Jameis Winston,QB,QB,NYG,2,4000,0.0,0.0,0.0,0.0
Jake Haener,QB,QB,NYG,2,4000,0.0,0.0,0.0,0.0
Ty Simpson,QB,QB,LAR,2,4000,0.0,0.0,0.0,0.0
Matthew Caldwell,QB,QB,LAR,2,4000,0.0,0.0,0.0,0.0
Joshua Dobbs,QB,QB,DET,2,4000,0.0,0.0,0.0,0.0
Luke Altmyer,QB,QB,DET,2,4000,0.0,0.0,0.0,0.0
Kyle Allen,QB,QB,BUF,2,4000,0.0,0.0,0.0,0.0
Shane Buechele,QB,QB,BUF,2,4000,0.0,0.0,0.0,0.0
DJ Giddens,RB,RB/FLEX,IND,2,4000,0.05,0.0,0.0,0.0
Najee Harris,RB,RB/FLEX,NYG,2,4000,0.02,0.6,0.6,0.0
Demond Claiborne,RB,RB/FLEX,MIN,2,4000,0.19,1.2,1.2,0.0
DeeJay Dallas,RB,RB/FLEX,MIN,2,4000,0.02,3.0,3.0,0.0
Max Bredeson,RB,RB/FLEX,MIN,2,4000,0.0,0.0,0.0,0.0
Roschon Johnson,RB,RB/FLEX,CHI,2,4000,0.05,0.0,0.0,0.0
Brittain Brown,RB,RB/FLEX,CHI,2,4000,0.0,0.0,0.0,0.0
Zavier Scott,RB,RB/FLEX,CHI,2,4000,0.0,0.0,0.0,0.0
Salvon Ahmed,RB,RB/FLEX,CHI,2,4000,0.0,0.0,0.0,0.0
Jordan James,RB,RB/FLEX,SF,2,4000,0.02,1.5,1.5,0.0
Isaac Guerendo,RB,RB/FLEX,SF,2,4000,0.0,0.0,0.0,0.0
Sincere McCormick,RB,RB/FLEX,SF,2,4000,0.07,0.0,0.0,0.0
Kyle Juszczyk,RB,RB/FLEX,SF,2,4000,0.02,10.7,4.7,6.0
Ollie Gordon II,RB,RB/FLEX,MIA,2,4000,0.0,0.0,0.0,0.0
DJ Herman,RB,RB/FLEX,MIA,2,4000,0.0,0.0,0.0,0.0
Carlos Washington Jr.,RB,RB/FLEX,MIA,2,4000,0.0,0.0,0.0,0.0
Jarquez Hunter,RB,RB/FLEX,MIA,2,4000,0.0,0.0,0.0,0.0
Emanuel Wilson,RB,RB/FLEX,SEA,2,4000,0.0,0.0,0.0,0.0
Zach Charbonnet,RB,RB/FLEX,SEA,2,4000,0.0,0.0,0.0,0.0
Robbie Ouzts,RB,RB/FLEX,SEA,2,4000,0.0,0.0,0.0,0.0
Jacardia Wright,RB,RB/FLEX,SEA,2,4000,0.0,0.0,0.0,0.0
Brady Russell,RB,RB/FLEX,SEA,2,4000,0.02,0.0,0.0,0.0
Velus Jones Jr.,RB,RB/FLEX,SEA,2,4000,0.0,0.0,0.0,0.0
Bam Knight,RB,RB/FLEX,ARI,2,4000,0.0,0.0,0.0,0.0
James Conner,RB,RB/FLEX,ARI,2,4000,0.0,0.0,0.0,0.0
Trey Benson,RB,RB/FLEX,ARI,2,4000,0.0,0.0,0.0,0.0
Evan Hull,RB,RB/FLEX,ARI,2,4000,0.0,0.0,0.0,0.0
Alec Ingold,RB,RB/FLEX,LAC,2,4000,0.0,0.0,0.0,0.0
Amar Johnson,RB,RB/FLEX,LAC,2,4000,0.0,0.0,0.0,0.0
Scott Matlock,RB,RB/FLEX,LAC,2,4000,0.0,0.0,0.0,0.0
Gregory Desrosiers,RB,RB/FLEX,LAC,2,4000,0.0,0.0,0.0,0.0
Dylan Laube,RB,RB/FLEX,LV,2,4000,0.0,0.0,0.0,0.0
Chris Collier,RB,RB/FLEX,LV,2,4000,0.0,0.0,0.0,0.0
Connor Heyward,RB,RB/FLEX,LV,2,4000,0.0,0.0,0.0,0.0
Roman Hemby,RB,RB/FLEX,LV,2,4000,0.0,0.0,0.0,0.0
Dare Ogunbowale,RB,RB/FLEX,LV,2,4000,0.0,0.0,0.0,0.0
LeQuint Allen Jr.,RB,RB/FLEX,JAX,2,4000,0.0,0.0,0.0,0.0
J'Mari Taylor,RB,RB/FLEX,JAX,2,4000,0.0,0.0,0.0,0.0
Tyler Badie,RB,RB/FLEX,DEN,2,4000,0.0,0.0,0.0,0.0
Adam Prentice,RB,RB/FLEX,DEN,2,4000,0.0,0.0,0.0,0.0
Cody Schrader,RB,RB/FLEX,DEN,2,4000,0.0,0.0,0.0,0.0
Rasheen Ali,RB,RB/FLEX,BAL,2,4000,0.0,0.0,0.0,0.0
Adam Randall,RB,RB/FLEX,BAL,2,4000,0.0,0.0,0.0,0.0
Jonathan Ward,RB,RB/FLEX,BAL,2,4000,0.0,0.0,0.0,0.0
CJ Donaldson,RB,RB/FLEX,NO,2,4000,0.0,0.0,0.0,0.0
Audric Estime,RB,RB/FLEX,NO,2,4000,0.0,0.0,0.0,0.0
Ty Chandler,RB,RB/FLEX,NO,2,4000,0.0,0.0,0.0,0.0
Zamir White,RB,RB/FLEX,NO,2,4000,0.02,0.0,0.0,0.0
Carson Steele,RB,RB/FLEX,PHI,2,4000,0.0,0.0,0.0,0.0
Jaydon Blue,RB,RB/FLEX,PHI,2,4000,0.0,0.0,0.0,0.0
Dameon Pierce,RB,RB/FLEX,PHI,2,4000,0.02,0.0,0.0,0.0
Julius Chestnut,RB,RB/FLEX,TEN,2,4000,0.0,0.0,0.0,0.0
Kalel Mullings,RB,RB/FLEX,TEN,2,4000,0.0,0.0,0.0,0.0
Michael Carter,RB,RB/FLEX,TEN,2,4000,0.0,0.0,0.0,0.0
AJ Dillon,RB,RB/FLEX,CAR,2,4000,0.02,-0.3,-0.3,0.0
Trevor Etienne,RB,RB/FLEX,CAR,2,4000,0.0,0.0,0.0,0.0
Anthony Tyus III,RB,RB/FLEX,CAR,2,4000,0.0,0.0,0.0,0.0
Ahmani Marshall,RB,RB/FLEX,CAR,2,4000,0.0,0.0,0.0,0.0
Trey Sermon,RB,RB/FLEX,ATL,2,4000,0.0,0.0,0.0,0.0
Cash Jones,RB,RB/FLEX,ATL,2,4000,0.0,0.0,0.0,0.0
Tyler Goodson,RB,RB/FLEX,ATL,2,4000,0.0,0.0,0.0,0.0
Isaiah Davis,RB,RB/FLEX,NYJ,2,4000,0.0,0.0,0.0,0.0
Kene Nwangwu,RB,RB/FLEX,NYJ,2,4000,0.0,0.0,0.0,0.0
Chip Trayanum,RB,RB/FLEX,NYJ,2,4000,0.0,0.0,0.0,0.0
Andrew Beck,RB,RB/FLEX,NYJ,2,4000,0.0,0.0,0.0,0.0
Al-Jay Henderson,RB,RB/FLEX,NYJ,2,4000,0.0,0.0,0.0,0.0
Damon Bankston,RB,RB/FLEX,GB,2,4000,0.0,0.0,0.0,0.0
Pierre Strong Jr.,RB,RB/FLEX,GB,2,4000,0.0,0.0,0.0,0.0
Brashard Smith,RB,RB/FLEX,KC,2,4000,0.0,0.0,0.0,0.0
Ben VanSumeren,RB,RB/FLEX,KC,2,4000,0.02,0.0,0.0,0.0
Nate Carter,RB,RB/FLEX,KC,2,4000,0.0,0.0,0.0,0.0
Jaydn Ott,RB,RB/FLEX,KC,2,4000,0.0,0.0,0.0,0.0
Anderson Castle,RB,RB/FLEX,IND,2,4000,0.0,0.0,0.0,0.0
Davon Booth,RB,RB/FLEX,IND,2,4000,0.0,0.0,0.0,0.0
Eli Heidenreich,RB,RB/FLEX,PIT,2,4000,0.0,0.0,0.0,0.0
Travis Homer,RB,RB/FLEX,PIT,2,4000,0.0,0.0,0.0,0.0
Riley Nowakowski,RB,RB/FLEX,PIT,2,4000,0.0,0.0,0.0,0.0
Lew Nichols,RB,RB/FLEX,PIT,2,4000,0.0,0.0,0.0,0.0
Myles Montgomery,RB,RB/FLEX,NE,2,4000,0.0,0.0,0.0,0.0
Hassan Haskins,RB,RB/FLEX,NE,2,4000,0.0,0.0,0.0,0.0
Lan Larison,RB,RB/FLEX,NE,2,4000,0.0,0.0,0.0,0.0
Reggie Gilliam,RB,RB/FLEX,NE,2,4000,0.0,0.0,0.0,0.0
Josh Williams,RB,RB/FLEX,TB,2,4000,0.0,0.0,0.0,0.0
Raheim Sanders,RB,RB/FLEX,CLE,2,4000,0.0,0.0,0.0,0.0
Jaleel McLaughlin,RB,RB/FLEX,CLE,2,4000,0.02,0.3,0.3,0.0
Michael Burton,RB,RB/FLEX,CLE,2,4000,0.0,0.0,0.0,0.0
Jeremy McNichols,RB,RB/FLEX,WAS,2,4000,0.0,0.0,0.0,0.0
Craig Reynolds,RB,RB/FLEX,WAS,2,4000,0.0,0.0,0.0,0.0
Robert Henry Jr.,RB,RB/FLEX,WAS,2,4000,0.0,0.0,0.0,0.0
Israel Abanikanda,RB,RB/FLEX,DAL,2,4000,0.0,0.0,0.0,0.0
Malik Davis,RB,RB/FLEX,DAL,2,4000,0.0,0.0,0.0,0.0
Hunter Luepke,RB,RB/FLEX,DAL,2,4000,0.0,0.0,0.0,0.0
Tahj Brooks,RB,RB/FLEX,CIN,2,4000,0.0,0.0,0.0,0.0
Kendall Milton,RB,RB/FLEX,CIN,2,4000,0.0,0.0,0.0,0.0
Kentrel Bullock,RB,RB/FLEX,CIN,2,4000,0.0,0.0,0.0,0.0
British Brooks,RB,RB/FLEX,HOU,2,4000,0.0,0.0,0.0,0.0
Jawhar Jordan,RB,RB/FLEX,HOU,2,4000,0.0,0.0,0.0,0.0
Noah Whittington,RB,RB/FLEX,HOU,2,4000,0.0,0.0,0.0,0.0
Patrick Ricard,RB,RB/FLEX,NYG,2,4000,0.0,0.0,0.0,0.0
Grant Finley,RB,RB/FLEX,NYG,2,4000,0.0,0.0,0.0,0.0
Ronnie Rivers,RB,RB/FLEX,LAR,2,4000,0.0,0.0,0.0,0.0
Dean Connors,RB,RB/FLEX,LAR,2,4000,0.0,0.0,0.0,0.0
Jordan Waters,RB,RB/FLEX,LAR,2,4000,0.0,0.0,0.0,0.0
Jacob Saylors,RB,RB/FLEX,DET,2,4000,0.0,0.0,0.0,0.0
Isiah Pacheco,RB,RB/FLEX,DET,2,4000,0.0,0.0,0.0,0.0
Jabari Small,RB,RB/FLEX,DET,2,4000,0.0,0.0,0.0,0.0
Frank Gore Jr.,RB,RB/FLEX,BUF,2,4000,0.0,0.0,0.0,0.0
Malik Washington,WR,WR/FLEX,MIA,2,4000,0.89,8.7,8.7,0.0
Tre' Harris,WR,WR/FLEX,LAC,2,4000,0.52,6.3,6.3,0.0
Adonai Mitchell,WR,WR/FLEX,NYJ,2,4000,0.8,12.3,12.3,0.0
Kayshon Boutte,WR,WR/FLEX,HOU,2,4000,1.36,6.7,6.7,0.0
Hunter Henry,TE,TE/FLEX,NE,2,4000,0.95,7.0,7.0,0.0
Cyrus Allen,WR,WR/FLEX,KC,2,3900,0.02,0.0,0.0,0.0
Demarcus Robinson,WR,WR/FLEX,SF,2,3900,2.0500000000000003,6.4,6.4,0.0
Kendrick Bourne,WR,WR/FLEX,ARI,2,3900,1.6,3.1,3.1,0.0
Jalen Nailor,WR,WR/FLEX,LV,2,3900,0.23,1.9,1.9,0.0
Ja'Kobi Lane,WR,WR/FLEX,BAL,2,3900,0.0,0.0,0.0,0.0
Jerry Jeudy,WR,WR/FLEX,CLE,2,3900,0.16999999999999998,0.0,0.0,0.0
Keon Coleman,WR,WR/FLEX,BUF,2,3900,0.69,12.3,12.3,0.0
Brenton Strange,TE,TE/FLEX,JAX,2,3900,1.32,3.7,3.7,0.0
Juwan Johnson,TE,TE/FLEX,NO,2,3900,2.22,10.6,10.6,0.0
Jauan Jennings,WR,WR/FLEX,MIN,2,3800,0.18,0.0,0.0,0.0
Troy Franklin,WR,WR/FLEX,DEN,2,3800,0.08,3.7,3.7,0.0
Omar Cooper Jr.,WR,WR/FLEX,NYJ,2,3800,0.0,0.0,0.0,0.0
DeMario Douglas,WR,WR/FLEX,NE,2,3800,2.7399999999999998,1.9,1.9,0.0
Ryan Flournoy,WR,WR/FLEX,DAL,2,3800,0.8600000000000001,7.3,7.3,0.0
Darnell Mooney,WR,WR/FLEX,NYG,2,3800,0.38,6.8,6.8,0.0
Kenyon Sadiq,TE,TE/FLEX,NYJ,2,3800,2.14,3.7,3.7,0.0
Jake Ferguson,TE,TE/FLEX,DAL,2,3800,2.37,20.3,8.3,12.0
49ers,DST,DST,SF,2,3800,9.67,8.0,8.0,0.0
Caleb Douglas,WR,WR/FLEX,MIA,2,3700,5.7700000000000005,3.9,3.9,0.0
Marvin Mims Jr.,WR,WR/FLEX,DEN,2,3700,0.02,0.0,0.0,0.0
Elijah Sarratt,WR,WR/FLEX,BAL,2,3700,0.11,0.0,0.0,0.0
Jaylin Noel,WR,WR/FLEX,HOU,2,3700,0.67,5.4,5.4,0.0
Isaac TeSlaa,WR,WR/FLEX,DET,2,3700,0.35,4.6,4.6,0.0
Pat Freiermuth,TE,TE/FLEX,PIT,2,3700,1.23,7.4,7.4,0.0
Chig Okonkwo,TE,TE/FLEX,WAS,2,3700,0.02,0.0,0.0,0.0
Eagles,DST,DST,PHI,2,3700,3.53,3.0,3.0,0.0
Kalif Raymond,WR,WR/FLEX,CHI,2,3600,6.58,9.0,9.0,0.0
Jack Bech,WR,WR/FLEX,LV,2,3600,0.38,4.5,4.5,0.0
Hollywood Brown,WR,WR/FLEX,PHI,2,3600,0.0,0.0,0.0,0.0
Kyle Williams,WR,WR/FLEX,NE,2,3600,0.09000000000000001,2.0,2.0,0.0
Joshua Palmer,WR,WR/FLEX,BUF,2,3600,1.24,11.3,5.3,6.0
Michael Mayer,TE,TE/FLEX,LV,2,3600,6.869999999999999,5.3,5.3,0.0
Mike Gesicki,TE,TE/FLEX,CIN,2,3600,5.180000000000001,0.0,0.0,0.0
Buccaneers,DST,DST,TB,2,3600,9.12,2.0,2.0,0.0
Chris Bell,WR,WR/FLEX,MIA,2,3500,0.09000000000000001,0.0,0.0,0.0
Brenen Thompson,WR,WR/FLEX,LAC,2,3500,0.0,0.0,0.0,0.0
Elic Ayomanor,WR,WR/FLEX,TEN,2,3500,0.08,8.9,8.9,0.0
Zachariah Branch,WR,WR/FLEX,ATL,2,3500,0.03,3.4,3.4,0.0
Xavier Hutchinson,WR,WR/FLEX,HOU,2,3500,2.86,6.7,6.7,0.0
T.J. Hockenson,TE,TE/FLEX,MIN,2,3500,2.92,5.9,5.9,0.0
Oronde Gadsden II,TE,TE/FLEX,LAC,2,3500,0.17,9.8,3.8,6.0
Seahawks,DST,DST,SEA,2,3500,4.37,8.0,8.0,0.0
Tyquan Thornton,WR,WR/FLEX,KC,2,3400,0.1,12.6,12.6,0.0
Tutu Atwell,WR,WR/FLEX,LAR,2,3400,0.1,2.9,2.9,0.0
Jahdae Walker,WR,WR/FLEX,CHI,2,3400,0.13,0.0,0.0,0.0
Devontez Walker,WR,WR/FLEX,BAL,2,3400,0.22,5.7,5.7,0.0
Xavier Legette,WR,WR/FLEX,CAR,2,3400,0.13,8.4,8.4,0.0
Jahan Dotson,WR,WR/FLEX,ATL,2,3400,0.07,3.1,3.1,0.0
Germie Bernard,WR,WR/FLEX,PIT,2,3400,0.05,7.5,7.5,0.0
Noah Fant,TE,TE/FLEX,NO,2,3400,0.64,0.0,0.0,0.0
Cade Otton,TE,TE/FLEX,TB,2,3400,1.15,8.8,8.8,0.0
Packers,DST,DST,GB,2,3400,0.72,5.0,5.0,0.0
KeAndre Lambert-Smith,WR,WR/FLEX,LAC,2,3300,0.0,0.0,0.0,0.0
Travis Hunter,WR,WR/FLEX,JAX,2,3300,0.15000000000000002,0.0,0.0,0.0
Lil'Jordan Humphrey,WR,WR/FLEX,DEN,2,3300,0.02,0.0,0.0,0.0
Chris Moore,WR,WR/FLEX,BAL,2,3300,0.46,1.6,1.6,0.0
Isaiah Williams,WR,WR/FLEX,NYJ,2,3300,0.0,0.0,0.0,0.0
AJ Barner,TE,TE/FLEX,SEA,2,3300,0.37,7.9,1.9,6.0
Evan Engram,TE,TE/FLEX,DEN,2,3300,2.8899999999999997,2.7,2.7,0.0
Ravens,DST,DST,BAL,2,3300,4.21,3.0,3.0,0.0
Rams,DST,DST,LAR,2,3300,1.18,11.0,11.0,0.0
Jalen Royals,WR,WR/FLEX,KC,2,3200,0.02,8.6,2.6,6.0
Deion Burks,WR,WR/FLEX,IND,2,3200,0.0,0.0,0.0,0.0
Tory Horton,WR,WR/FLEX,SEA,2,3200,0.02,0.0,0.0,0.0
Bryce Lance,WR,WR/FLEX,NO,2,3200,0.79,1.8,1.8,0.0
Olamide Zaccheaus,WR,WR/FLEX,ATL,2,3200,0.1,1.3,1.3,0.0
Roman Wilson,WR,WR/FLEX,PIT,2,3200,0.94,7.8,7.8,0.0
Ted Hurst III,WR,WR/FLEX,TB,2,3200,0.32,4.7,4.7,0.0
Jordan Whittington,WR,WR/FLEX,LAR,2,3200,0.0,0.0,0.0,0.0
Greg Dulcich,TE,TE/FLEX,MIA,2,3200,0.08,3.7,3.7,0.0
Dalton Schultz,TE,TE/FLEX,HOU,2,3200,17.44,29.0,29.0,0.0
Noah Gray,TE,TE/FLEX,KC,2,3200,0.03,0.0,0.0,0.0
Chargers,DST,DST,LAC,2,3200,2.69,4.0,4.0,0.0
Chiefs,DST,DST,KC,2,3200,5.06,1.0,1.0,0.0
Zavion Thomas,WR,WR/FLEX,CHI,2,3100,0.05,0.0,0.0,0.0
LaJohntay Wester,WR,WR/FLEX,BAL,2,3100,0.19,2.4,2.4,0.0
Efton Chism III,WR,WR/FLEX,NE,2,3100,0.0,0.0,0.0,0.0
KaVontae Turpin,WR,WR/FLEX,DAL,2,3100,0.12000000000000001,0.1,0.1,0.0
Andrei Iosivas,WR,WR/FLEX,CIN,2,3100,0.15,1.7,1.7,0.0
Colby Parkinson,TE,TE/FLEX,LAR,2,3100,1.03,3.5,3.5,0.0
Gunnar Helm,TE,TE/FLEX,TEN,2,3100,0.27,3.3,3.3,0.0
Darren Waller,TE,TE/FLEX,CAR,2,3100,0.68,18.3,6.3,12.0
Patriots,DST,DST,NE,2,3100,3.01,21.0,15.0,6.0
Calvin Austin III,WR,WR/FLEX,NYG,2,3000,0.02,0.0,0.0,0.0
Nick Westbrook-Ikhine,WR,WR/FLEX,IND,2,3000,0.03,0.0,0.0,0.0
Odell Beckham Jr.,WR,WR/FLEX,NYG,2,3000,0.22000000000000003,0.0,0.0,0.0
Konata Mumpfield,WR,WR/FLEX,LAR,2,3000,0.07,2.2,2.2,0.0
Tai Felton,WR,WR/FLEX,MIN,2,3000,0.0,0.0,0.0,0.0
Myles Price,WR,WR/FLEX,MIN,2,3000,0.02,0.0,0.0,0.0
Jeshaun Jones,WR,WR/FLEX,MIN,2,3000,0.0,0.0,0.0,0.0
Trayvon Rudolph,WR,WR/FLEX,MIN,2,3000,0.0,0.0,0.0,0.0
Dillon Bell,WR,WR/FLEX,MIN,2,3000,0.0,0.0,0.0,0.0
Michael Briscoe,WR,WR/FLEX,MIN,2,3000,0.0,0.0,0.0,0.0
Kaden Davis,WR,WR/FLEX,CHI,2,3000,0.0,0.0,0.0,0.0
Scotty Miller,WR,WR/FLEX,CHI,2,3000,0.0,0.0,0.0,0.0
JP Richardson,WR,WR/FLEX,CHI,2,3000,0.0,0.0,0.0,0.0
Jacob Cowing,WR,WR/FLEX,SF,2,3000,0.02,0.0,0.0,0.0
Jordan Watkins,WR,WR/FLEX,SF,2,3000,0.0,0.0,0.0,0.0
Christian Kirk,WR,WR/FLEX,SF,2,3000,0.0,0.0,0.0,0.0
Brandon Aiyuk,WR,WR/FLEX,SF,2,3000,0.0,0.0,0.0,0.0
Ricky Pearsall,WR,WR/FLEX,SF,2,3000,0.0,0.0,0.0,0.0
Will Pauling,WR,WR/FLEX,SF,2,3000,0.0,0.0,0.0,0.0
KhaDarel Hodge,WR,WR/FLEX,SF,2,3000,0.0,0.0,0.0,0.0
Wesley Grimes,WR,WR/FLEX,SF,2,3000,0.0,0.0,0.0,0.0
Jalen Tolbert,WR,WR/FLEX,MIA,2,3000,0.0,0.0,0.0,0.0
Kevin Coleman Jr.,WR,WR/FLEX,MIA,2,3000,0.0,0.0,0.0,0.0
Ryan Miller,WR,WR/FLEX,MIA,2,3000,0.0,0.0,-6.0,6.0
Jalen Reagor,WR,WR/FLEX,MIA,2,3000,0.0,0.0,0.0,0.0
Will Sheppard,WR,WR/FLEX,MIA,2,3000,0.0,0.0,0.0,0.0
Montorie Foster Jr.,WR,WR/FLEX,SEA,2,3000,0.0,0.0,0.0,0.0
Irvin Charles,WR,WR/FLEX,SEA,2,3000,0.0,0.0,0.0,0.0
Jake Bobo,WR,WR/FLEX,SEA,2,3000,0.0,0.0,0.0,0.0
Ricky White III,WR,WR/FLEX,SEA,2,3000,0.0,0.0,0.0,0.0
Julian Hicks,WR,WR/FLEX,SEA,2,3000,0.0,0.0,0.0,0.0
Emmanuel Henderson Jr.,WR,WR/FLEX,SEA,2,3000,0.0,0.0,0.0,0.0
Jalen Brooks,WR,WR/FLEX,ARI,2,3000,0.0,0.0,0.0,0.0
Devin Duvernay,WR,WR/FLEX,ARI,2,3000,0.0,0.0,0.0,0.0
Simi Fehoko,WR,WR/FLEX,ARI,2,3000,0.0,0.0,0.0,0.0
Reggie Virgil,WR,WR/FLEX,ARI,2,3000,0.0,0.0,0.0,0.0
Harrison Wallace III,WR,WR/FLEX,ARI,2,3000,0.0,0.0,0.0,0.0
Ihmir Smith-Marsette,WR,WR/FLEX,ARI,2,3000,0.0,0.0,0.0,0.0
Derius Davis,WR,WR/FLEX,LAC,2,3000,0.0,0.0,0.0,0.0
Theo Wease Jr.,WR,WR/FLEX,LAC,2,3000,0.0,0.0,0.0,0.0
Gary Jennings Jr.,WR,WR/FLEX,LAC,2,3000,0.0,0.0,0.0,0.0
Malik Benson,WR,WR/FLEX,LV,2,3000,0.02,0.0,0.0,0.0
Dareke Young,WR,WR/FLEX,LV,2,3000,0.0,0.0,0.0,0.0
Cody White,WR,WR/FLEX,LV,2,3000,0.0,0.0,-12.0,12.0
Dont'e Thornton Jr.,WR,WR/FLEX,LV,2,3000,0.0,0.0,0.0,0.0
Justin Shorter,WR,WR/FLEX,LV,2,3000,0.0,0.0,0.0,0.0
Corey Rucker,WR,WR/FLEX,LV,2,3000,0.0,0.0,0.0,0.0
Deven Thompkins,WR,WR/FLEX,LV,2,3000,0.0,0.0,0.0,0.0
Ronnie Bell,WR,WR/FLEX,LV,2,3000,0.0,0.0,0.0,0.0
Josh Cameron,WR,WR/FLEX,JAX,2,3000,0.17,0.0,0.0,0.0
CJ Williams,WR,WR/FLEX,JAX,2,3000,0.0,0.0,0.0,0.0
Austin Trammell,WR,WR/FLEX,JAX,2,3000,0.0,0.0,0.0,0.0
Michael Wortham,WR,WR/FLEX,JAX,2,3000,0.0,0.0,0.0,0.0
Tim Jones,WR,WR/FLEX,JAX,2,3000,0.0,0.0,0.0,0.0
Trebor Pena,WR,WR/FLEX,JAX,2,3000,0.0,0.0,0.0,0.0
Michael Bandy,WR,WR/FLEX,DEN,2,3000,0.0,0.0,0.0,0.0
Kolbe Katsis,WR,WR/FLEX,DEN,2,3000,0.0,0.0,0.0,0.0
Dane Key,WR,WR/FLEX,DEN,2,3000,0.0,0.0,0.0,0.0
Xavier Guillory,WR,WR/FLEX,BAL,2,3000,0.0,0.0,0.0,0.0
Barion Brown,WR,WR/FLEX,NO,2,3000,0.03,0.0,0.0,0.0
Kevin Austin Jr.,WR,WR/FLEX,NO,2,3000,0.0,0.0,0.0,0.0
Jordyn Tyson,WR,WR/FLEX,NO,2,3000,0.0,0.0,0.0,0.0
Mason Tipton,WR,WR/FLEX,NO,2,3000,0.0,0.0,0.0,0.0
Kyrese Rowan,WR,WR/FLEX,NO,2,3000,0.0,0.0,0.0,0.0
Trey Palmer,WR,WR/FLEX,NO,2,3000,0.0,0.0,0.0,0.0
Jalen Moreno-Cropper,WR,WR/FLEX,NO,2,3000,0.0,0.0,0.0,0.0
Cedric Tillman,WR,WR/FLEX,NO,2,3000,0.0,0.0,0.0,0.0
Elijah Moore,WR,WR/FLEX,PHI,2,3000,0.02,0.0,0.0,0.0
Darius Cooper,WR,WR/FLEX,PHI,2,3000,0.0,0.0,-6.0,6.0
Britain Covey,WR,WR/FLEX,PHI,2,3000,0.0,0.0,0.0,0.0
Johnny Wilson,WR,WR/FLEX,PHI,2,3000,0.0,0.0,0.0,0.0
Xavier Gipson,WR,WR/FLEX,PHI,2,3000,0.0,0.0,0.0,0.0
Chimere Dike,WR,WR/FLEX,TEN,2,3000,0.02,0.0,0.0,0.0
Xavier Restrepo,WR,WR/FLEX,TEN,2,3000,0.0,0.0,0.0,0.0
K.J. Osborn,WR,WR/FLEX,TEN,2,3000,0.0,0.0,0.0,0.0
Tyren Montgomery,WR,WR/FLEX,TEN,2,3000,0.0,0.0,0.0,0.0
Jimmy Horn Jr.,WR,WR/FLEX,CAR,2,3000,0.0,0.0,0.0,0.0
Brycen Tremayne,WR,WR/FLEX,CAR,2,3000,0.0,0.0,0.0,0.0
John Metchie III,WR,WR/FLEX,CAR,2,3000,0.0,0.0,0.0,0.0
Chris Brazzell II,WR,WR/FLEX,CAR,2,3000,0.0,0.0,0.0,0.0
Ja'seem Reed,WR,WR/FLEX,CAR,2,3000,0.0,0.0,0.0,0.0
David Moore,WR,WR/FLEX,CAR,2,3000,0.0,0.0,0.0,0.0
Casey Washington,WR,WR/FLEX,CAR,2,3000,0.0,0.0,0.0,0.0
Chris Blair,WR,WR/FLEX,ATL,2,3000,0.0,0.0,0.0,0.0
Beaux Collins,WR,WR/FLEX,ATL,2,3000,0.0,0.0,0.0,0.0
Antwane Wells Jr.,WR,WR/FLEX,ATL,2,3000,0.0,0.0,0.0,0.0
Vinny Anthony II,WR,WR/FLEX,ATL,2,3000,0.0,0.0,0.0,0.0
Dylan Drummond,WR,WR/FLEX,ATL,2,3000,0.0,0.0,0.0,0.0
Arian Smith,WR,WR/FLEX,NYJ,2,3000,0.0,0.0,0.0,0.0
Tim Patrick,WR,WR/FLEX,NYJ,2,3000,0.0,0.0,0.0,0.0
Jamaal Pritchett,WR,WR/FLEX,NYJ,2,3000,0.0,0.0,0.0,0.0
Malik McClain,WR,WR/FLEX,NYJ,2,3000,0.0,0.0,0.0,0.0
Skyy Moore,WR,WR/FLEX,GB,2,3000,0.0,0.0,0.0,0.0
J. Michael Sturdivant,WR,WR/FLEX,GB,2,3000,0.0,0.0,0.0,0.0
Bo Melton,WR,WR/FLEX,GB,2,3000,0.02,0.0,0.0,0.0
Savion Williams,WR,WR/FLEX,GB,2,3000,0.0,0.0,0.0,0.0
Isaiah Neyor,WR,WR/FLEX,GB,2,3000,0.0,0.0,0.0,0.0
Chris Hilton Jr.,WR,WR/FLEX,GB,2,3000,0.0,0.0,0.0,0.0
Nikko Remigio,WR,WR/FLEX,KC,2,3000,0.0,0.0,0.0,0.0
Jeff Caldwell,WR,WR/FLEX,KC,2,3000,0.0,0.0,0.0,0.0
Jimmy Holiday,WR,WR/FLEX,KC,2,3000,0.0,0.0,0.0,0.0
Andrew Armstrong,WR,WR/FLEX,KC,2,3000,0.0,0.0,0.0,0.0
Omari Evans,WR,WR/FLEX,KC,2,3000,0.0,0.0,0.0,0.0
Ashton Dulin,WR,WR/FLEX,IND,2,3000,0.0,0.0,0.0,0.0
Laquon Treadwell,WR,WR/FLEX,IND,2,3000,0.0,0.0,0.0,0.0
D.J. Montgomery,WR,WR/FLEX,IND,2,3000,0.0,0.0,0.0,0.0
Anthony Gould,WR,WR/FLEX,IND,2,3000,0.0,0.0,0.0,0.0
Ben Skowronek,WR,WR/FLEX,PIT,2,3000,0.0,0.0,0.0,0.0
Kaden Wetjen,WR,WR/FLEX,PIT,2,3000,0.0,0.0,0.0,0.0
Cole Burgess,WR,WR/FLEX,PIT,2,3000,0.0,0.0,0.0,0.0
Brandon Johnson,WR,WR/FLEX,PIT,2,3000,0.0,0.0,0.0,0.0
Brandon Smith,WR,WR/FLEX,PIT,2,3000,0.0,0.0,0.0,0.0
Max Hurleman,WR,WR/FLEX,PIT,2,3000,0.0,0.0,0.0,0.0
A.J. Brown,WR,WR/FLEX,NE,2,3000,0.0,0.0,0.0,0.0
Jeremiah Webb,WR,WR/FLEX,NE,2,3000,0.0,0.0,0.0,0.0
Cameron Dorner,WR,WR/FLEX,NE,2,3000,0.0,0.0,0.0,0.0
Kyle Dixon,WR,WR/FLEX,NE,2,3000,0.0,0.0,0.0,0.0
Tez Johnson,WR,WR/FLEX,TB,2,3000,0.0,0.0,0.0,0.0
Kameron Johnson,WR,WR/FLEX,TB,2,3000,0.0,0.0,0.0,0.0
David Sills V,WR,WR/FLEX,TB,2,3000,0.0,0.0,0.0,0.0
Eric Rivers Jr.,WR,WR/FLEX,TB,2,3000,0.0,0.0,0.0,0.0
Garrett Greene,WR,WR/FLEX,TB,2,3000,0.0,0.0,0.0,0.0
Dean Patterson IV,WR,WR/FLEX,TB,2,3000,0.0,0.0,0.0,0.0
Isaiah Bond,WR,WR/FLEX,CLE,2,3000,0.02,2.0,2.0,0.0
Tylan Wallace,WR,WR/FLEX,CLE,2,3000,0.0,0.0,0.0,0.0
Malachi Corley,WR,WR/FLEX,CLE,2,3000,0.0,0.0,0.0,0.0
Kole Wilson,WR,WR/FLEX,CLE,2,3000,0.0,0.0,0.0,0.0
Bub Means,WR,WR/FLEX,CLE,2,3000,0.0,0.0,0.0,0.0
Treylon Burks,WR,WR/FLEX,WAS,2,3000,0.0,0.0,0.0,0.0
Dyami Brown,WR,WR/FLEX,WAS,2,3000,0.0,0.0,0.0,0.0
Luke McCaffrey,WR,WR/FLEX,WAS,2,3000,0.02,0.0,0.0,0.0
Jaylin Lane,WR,WR/FLEX,WAS,2,3000,0.0,0.0,0.0,0.0
Van Jefferson,WR,WR/FLEX,WAS,2,3000,0.0,0.0,0.0,0.0
River Cracraft,WR,WR/FLEX,WAS,2,3000,0.0,0.0,0.0,0.0
Jaden Bradley,WR,WR/FLEX,WAS,2,3000,0.0,0.0,0.0,0.0
Jonathan Mingo,WR,WR/FLEX,DAL,2,3000,0.0,0.0,0.0,0.0
Camden Brown,WR,WR/FLEX,DAL,2,3000,0.0,0.0,0.0,0.0
Jordan Hudson,WR,WR/FLEX,DAL,2,3000,0.0,0.0,0.0,0.0
Anthony Smith,WR,WR/FLEX,DAL,2,3000,0.0,0.0,0.0,0.0
Colbie Young,WR,WR/FLEX,CIN,2,3000,0.0,0.0,0.0,0.0
Dohnte Meyers,WR,WR/FLEX,CIN,2,3000,0.0,0.0,0.0,0.0
Ke'Shawn Williams,WR,WR/FLEX,CIN,2,3000,0.0,0.0,0.0,0.0
Jordan Moore,WR,WR/FLEX,CIN,2,3000,0.0,0.0,0.0,0.0
Noah Thomas,WR,WR/FLEX,CIN,2,3000,0.0,0.0,0.0,0.0
Jared Wayne,WR,WR/FLEX,HOU,2,3000,0.0,0.0,0.0,0.0
Tank Dell,WR,WR/FLEX,HOU,2,3000,0.0,0.0,0.0,0.0
Jayden Higgins,WR,WR/FLEX,HOU,2,3000,0.0,0.0,0.0,0.0
Josh Kelly,WR,WR/FLEX,HOU,2,3000,0.0,0.0,0.0,0.0
Mitch Tinsley,WR,WR/FLEX,HOU,2,3000,0.0,0.0,0.0,0.0
Lewis Bond,WR,WR/FLEX,HOU,2,3000,0.0,0.0,0.0,0.0
Daniel Sobkowicz,WR,WR/FLEX,HOU,2,3000,0.0,0.0,0.0,0.0
Dalen Cambre,WR,WR/FLEX,NYG,2,3000,0.0,0.0,0.0,0.0
Braxton Berrios,WR,WR/FLEX,NYG,2,3000,0.0,0.0,0.0,0.0
Gunner Olszewski,WR,WR/FLEX,NYG,2,3000,0.0,0.0,0.0,0.0
Jalin Hyatt,WR,WR/FLEX,NYG,2,3000,0.0,0.0,0.0,0.0
Charlie Jones,WR,WR/FLEX,NYG,2,3000,0.0,0.0,0.0,0.0
Xavier Smith,WR,WR/FLEX,LAR,2,3000,0.0,0.0,0.0,0.0
CJ Daniels,WR,WR/FLEX,LAR,2,3000,0.0,0.0,0.0,0.0
Brennan Presley,WR,WR/FLEX,LAR,2,3000,0.0,0.0,0.0,0.0
Alex Bachman,WR,WR/FLEX,LAR,2,3000,0.0,0.0,0.0,0.0
Tom Kennedy,WR,WR/FLEX,DET,2,3000,0.0,0.0,0.0,0.0
Tay Martin,WR,WR/FLEX,DET,2,3000,0.0,0.0,0.0,0.0
Kendrick Law,WR,WR/FLEX,DET,2,3000,0.0,0.0,0.0,0.0
Lucky Jackson,WR,WR/FLEX,DET,2,3000,0.0,0.0,0.0,0.0
Dominic Lovett,WR,WR/FLEX,DET,2,3000,0.0,0.0,0.0,0.0
Greg Dortch,WR,WR/FLEX,BUF,2,3000,0.0,0.0,0.0,0.0
Skyler Bell,WR,WR/FLEX,BUF,2,3000,0.0,0.0,0.0,0.0
Tyrell Shavers,WR,WR/FLEX,BUF,2,3000,0.0,0.0,0.0,0.0
Trent Sherfield Sr.,WR,WR/FLEX,BUF,2,3000,0.0,0.0,0.0,0.0
Stephen Gosnell,WR,WR/FLEX,BUF,2,3000,0.0,0.0,0.0,0.0
Ja'Mori Maclin,WR,WR/FLEX,BUF,2,3000,0.0,0.0,0.0,0.0
Cole Kmet,TE,TE/FLEX,CHI,2,3000,0.93,0.0,0.0,0.0
David Njoku,TE,TE/FLEX,LAC,2,3000,1.63,1.9,1.9,0.0
Eli Raridon,TE,TE/FLEX,NE,2,3000,0.08,4.0,4.0,0.0
Bears,DST,DST,CHI,2,3000,1.45,7.0,7.0,0.0
Texans,DST,DST,HOU,2,3000,1.51,6.0,6.0,0.0
Tyler Higbee,TE,TE/FLEX,LAR,2,2900,0.1,0.0,0.0,0.0
Jonnu Smith,TE,TE/FLEX,GB,2,2900,0.2,0.0,0.0,0.0
Darnell Washington,TE,TE/FLEX,PIT,2,2900,0.1,1.7,1.7,0.0
Ben Sinnott,TE,TE/FLEX,WAS,2,2900,0.0,0.0,0.0,0.0
Falcons,DST,DST,ATL,2,2900,0.96,1.0,1.0,0.0
Cowboys,DST,DST,DAL,2,2900,0.77,3.0,3.0,0.0
Adam Trautman,TE,TE/FLEX,DEN,2,2800,0.03,0.0,0.0,0.0
Mason Taylor,TE,TE/FLEX,NYJ,2,2800,0.35,0.0,0.0,0.0
Brevyn Spann-Ford,TE,TE/FLEX,DAL,2,2800,0.03,0.0,0.0,0.0
Brock Wright,TE,TE/FLEX,DET,2,2800,0.08,0.0,0.0,0.0
Broncos,DST,DST,DEN,2,2800,3.82,8.0,8.0,0.0
Steelers,DST,DST,PIT,2,2800,5.69,8.0,8.0,0.0
Dawson Knox,TE,TE/FLEX,BUF,2,2700,0.54,8.5,2.5,6.0
Charlie Kolar,TE,TE/FLEX,LAC,2,2700,0.03,5.1,5.1,0.0
John Bates,TE,TE/FLEX,WAS,2,2700,0.12000000000000001,0.0,0.0,0.0
Foster Moreau,TE,TE/FLEX,HOU,2,2700,0.07,5.4,5.4,0.0
Terrance Ferguson,TE,TE/FLEX,LAR,2,2700,0.63,17.4,11.4,6.0
Panthers,DST,DST,CAR,2,2700,5.52,26.0,20.0,6.0
Bengals,DST,DST,CIN,2,2700,2.15,11.0,11.0,0.0
Theo Johnson,TE,TE/FLEX,NYG,2,2600,0.12000000000000001,0.0,0.0,0.0
Jake Tonges,TE,TE/FLEX,SF,2,2600,0.0,0.0,0.0,0.0
Daniel Bellinger,TE,TE/FLEX,TEN,2,2600,0.0,0.0,0.0,0.0
Tommy Tremble,TE,TE/FLEX,CAR,2,2600,0.52,1.4,1.4,0.0
Drew Sample,TE,TE/FLEX,CIN,2,2600,0.1,0.0,0.0,0.0
Vikings,DST,DST,MIN,2,2600,0.67,17.0,17.0,0.0
Raiders,DST,DST,LV,2,2600,2.04,12.0,12.0,0.0
Bills,DST,DST,BUF,2,2600,1.85,3.0,3.0,0.0
Max Klare,TE,TE/FLEX,LAR,2,2500,0.0,0.0,0.0,0.0
Josh Oliver,TE,TE/FLEX,MIN,2,2500,0.27,3.4,3.4,0.0
Gavin Bartholomew,TE,TE/FLEX,MIN,2,2500,0.02,0.0,0.0,0.0
Ben Yurosek,TE,TE/FLEX,MIN,2,2500,0.0,0.0,0.0,0.0
Cam Grandy,TE,TE/FLEX,MIN,2,2500,0.0,0.0,0.0,0.0
Andrew DePaola,TE,TE/FLEX,MIN,2,2500,0.0,0.0,0.0,0.0
Sam Roush,TE,TE/FLEX,CHI,2,2500,0.0,0.0,0.0,0.0
Nikola Kalinic,TE,TE/FLEX,CHI,2,2500,0.0,0.0,0.0,0.0
Hayden Large,TE,TE/FLEX,CHI,2,2500,0.0,0.0,0.0,0.0
Qadir Ismail,TE,TE/FLEX,CHI,2,2500,0.0,0.0,0.0,0.0
Stephen Carlson,TE,TE/FLEX,CHI,2,2500,0.0,0.0,0.0,0.0
Luke Farrell,TE,TE/FLEX,SF,2,2500,0.15000000000000002,0.0,0.0,0.0
Khalil Dinkins,TE,TE/FLEX,SF,2,2500,0.0,0.0,0.0,0.0
Brayden Willis,TE,TE/FLEX,SF,2,2500,0.0,0.0,0.0,0.0
Will Kacmarek,TE,TE/FLEX,MIA,2,2500,0.0,0.0,0.0,0.0
Seydou Traore,TE,TE/FLEX,MIA,2,2500,0.0,0.0,0.0,0.0
Justin Joly,TE,TE/FLEX,MIA,2,2500,0.0,0.0,0.0,0.0
Cole Turner,TE,TE/FLEX,MIA,2,2500,0.0,0.0,0.0,0.0
Tre Watson,TE,TE/FLEX,MIA,2,2500,0.0,0.0,0.0,0.0
Eric Saubert,TE,TE/FLEX,SEA,2,2500,0.0,0.0,0.0,0.0
Elijah Arroyo,TE,TE/FLEX,SEA,2,2500,0.0,0.0,0.0,0.0
Nick Kallerup,TE,TE/FLEX,SEA,2,2500,0.0,0.0,0.0,0.0
Elijah Higgins,TE,TE/FLEX,ARI,2,2500,0.02,0.0,0.0,0.0
Hunter Long,TE,TE/FLEX,ARI,2,2500,0.02,0.0,0.0,0.0
Tip Reiman,TE,TE/FLEX,ARI,2,2500,0.0,0.0,0.0,0.0
Jameson Geers,TE,TE/FLEX,ARI,2,2500,0.0,0.0,0.0,0.0
Shawn Bowman,TE,TE/FLEX,ARI,2,2500,0.0,0.0,0.0,0.0
Teagan Quitoriano,TE,TE/FLEX,ARI,2,2500,0.0,0.0,0.0,0.0
Evan Svoboda,TE,TE/FLEX,LAC,2,2500,0.0,0.0,0.0,0.0
Patrick Herbert,TE,TE/FLEX,LAC,2,2500,0.0,0.0,0.0,0.0
Ian Thomas,TE,TE/FLEX,LV,2,2500,0.0,0.0,0.0,0.0
Chris Myarick,TE,TE/FLEX,LV,2,2500,0.0,0.0,0.0,0.0
Carter Runyon,TE,TE/FLEX,LV,2,2500,0.0,0.0,0.0,0.0
Patrick Gurd,TE,TE/FLEX,LV,2,2500,0.0,0.0,0.0,0.0
Nate Boerkircher,TE,TE/FLEX,JAX,2,2500,0.02,0.0,0.0,0.0
Quintin Morris,TE,TE/FLEX,JAX,2,2500,0.0,0.0,0.0,0.0
Tanner Koziol,TE,TE/FLEX,JAX,2,2500,0.0,0.0,0.0,0.0
Hayden Rucci,TE,TE/FLEX,JAX,2,2500,0.0,0.0,0.0,0.0
Nate Adkins,TE,TE/FLEX,DEN,2,2500,0.02,12.8,6.8,6.0
Dallen Bentley,TE,TE/FLEX,DEN,2,2500,0.0,0.0,0.0,0.0
Caleb Lohner,TE,TE/FLEX,DEN,2,2500,0.0,0.0,0.0,0.0
Mitchell Fraboni,TE,TE/FLEX,DEN,2,2500,0.0,0.0,0.0,0.0
Lucas Krull,TE,TE/FLEX,DEN,2,2500,0.0,0.0,0.0,0.0
Durham Smythe,TE,TE/FLEX,BAL,2,2500,0.0,0.0,0.0,0.0
Matt Hibner,TE,TE/FLEX,BAL,2,2500,0.0,0.0,0.0,0.0
Josh Cuevas,TE,TE/FLEX,BAL,2,2500,0.0,0.0,0.0,0.0
Nick Vannett,TE,TE/FLEX,BAL,2,2500,0.0,0.0,0.0,0.0
Ty Pezza,TE,TE/FLEX,BAL,2,2500,0.0,0.0,0.0,0.0
Oscar Delp,TE,TE/FLEX,NO,2,2500,0.0,0.0,0.0,0.0
Treyton Welch,TE,TE/FLEX,NO,2,2500,0.0,0.0,0.0,0.0
Moliki Matavao,TE,TE/FLEX,NO,2,2500,0.0,0.0,0.0,0.0
Stone Smartt,TE,TE/FLEX,NO,2,2500,0.0,0.0,0.0,0.0
Zach Wood,TE,TE/FLEX,NO,2,2500,0.0,0.0,0.0,0.0
Johnny Mundt,TE,TE/FLEX,PHI,2,2500,0.0,0.0,0.0,0.0
E.J. Jenkins,TE,TE/FLEX,PHI,2,2500,0.0,0.0,0.0,0.0
Grant Calcaterra,TE,TE/FLEX,PHI,2,2500,0.0,0.0,0.0,0.0
Eli Stowers,TE,TE/FLEX,PHI,2,2500,0.0,0.0,0.0,0.0
Rocco Underwood,TE,TE/FLEX,PHI,2,2500,0.0,0.0,0.0,0.0
Kylen Granson,TE,TE/FLEX,TEN,2,2500,0.0,0.0,0.0,0.0
David Martin-Robinson,TE,TE/FLEX,TEN,2,2500,0.0,0.0,0.0,0.0
Jaren Kanak,TE,TE/FLEX,TEN,2,2500,0.0,0.0,0.0,0.0
Joel Wilson,TE,TE/FLEX,TEN,2,2500,0.0,0.0,0.0,0.0
Mitchell Evans,TE,TE/FLEX,CAR,2,2500,0.02,2.3,2.3,0.0
Feleipe Franks,TE,TE/FLEX,CAR,2,2500,0.0,0.0,0.0,0.0
Ja'Tavion Sanders,TE,TE/FLEX,CAR,2,2500,0.0,0.0,0.0,0.0
Charlie Woerner,TE,TE/FLEX,ATL,2,2500,0.0,0.0,0.0,0.0
Austin Hooper,TE,TE/FLEX,ATL,2,2500,0.02,4.0,4.0,0.0
Nick Muse,TE,TE/FLEX,ATL,2,2500,0.02,0.0,0.0,0.0
Jack Velling,TE,TE/FLEX,ATL,2,2500,0.0,0.0,0.0,0.0
Jeremy Ruckert,TE,TE/FLEX,NYJ,2,2500,0.0,0.0,0.0,0.0
Jelani Woods,TE,TE/FLEX,NYJ,2,2500,0.0,0.0,0.0,0.0
Josh Whyle,TE,TE/FLEX,GB,2,2500,0.0,0.0,0.0,0.0
Mark Redman,TE,TE/FLEX,GB,2,2500,0.0,0.0,0.0,0.0
Luke Musgrave,TE,TE/FLEX,GB,2,2500,0.02,0.0,0.0,0.0
Thomas Yassmin,TE,TE/FLEX,GB,2,2500,0.0,0.0,0.0,0.0
Drake Dabney,TE,TE/FLEX,GB,2,2500,0.0,0.0,0.0,0.0
Jared Wiley,TE,TE/FLEX,KC,2,2500,0.0,0.0,0.0,0.0
Jake Briningstool,TE,TE/FLEX,KC,2,2500,0.02,0.0,0.0,0.0
John Michael Gyllenborg,TE,TE/FLEX,KC,2,2500,0.0,0.0,0.0,0.0
Thomas Odukoya,TE,TE/FLEX,KC,2,2500,0.0,0.0,0.0,0.0
James Winchester,TE,TE/FLEX,KC,2,2500,0.0,0.0,0.0,0.0
Mo Alie-Cox,TE,TE/FLEX,IND,2,2500,0.0,0.0,0.0,0.0
Drew Ogletree,TE,TE/FLEX,IND,2,2500,0.02,0.0,0.0,0.0
Will Mallory,TE,TE/FLEX,IND,2,2500,0.0,0.0,0.0,0.0
Carson Towt,TE,TE/FLEX,IND,2,2500,0.0,0.0,0.0,0.0
Kenny Fletcher Jr.,TE,TE/FLEX,IND,2,2500,0.0,0.0,0.0,0.0
Pharaoh Brown,TE,TE/FLEX,IND,2,2500,0.0,0.0,0.0,0.0
Robert Tonyan,TE,TE/FLEX,PIT,2,2500,0.0,0.0,0.0,0.0
Lake McRee,TE,TE/FLEX,PIT,2,2500,0.0,0.0,0.0,0.0
Tanner Arkin,TE,TE/FLEX,NE,2,2500,0.0,0.0,0.0,0.0
Cameron Latu,TE,TE/FLEX,NE,2,2500,0.0,0.0,0.0,0.0
Julian Hill,TE,TE/FLEX,NE,2,2500,0.0,0.0,0.0,0.0
Shane Zylstra,TE,TE/FLEX,NE,2,2500,0.0,0.0,0.0,0.0
Payne Durham,TE,TE/FLEX,TB,2,2500,0.0,0.0,0.0,0.0
Ko Kieft,TE,TE/FLEX,TB,2,2500,0.0,0.0,0.0,0.0
Bauer Sharp,TE,TE/FLEX,TB,2,2500,0.0,0.0,0.0,0.0
CJ Dippre,TE,TE/FLEX,TB,2,2500,0.0,0.0,0.0,0.0
Evan Deckers,TE,TE/FLEX,TB,2,2500,0.0,0.0,0.0,0.0
Blake Whiteheart,TE,TE/FLEX,CLE,2,2500,0.0,0.0,-6.0,6.0
Carsen Ryan,TE,TE/FLEX,CLE,2,2500,0.0,0.0,0.0,0.0
Joe Royer,TE,TE/FLEX,CLE,2,2500,0.0,0.0,0.0,0.0
Messiah Swinson,TE,TE/FLEX,CLE,2,2500,0.0,0.0,0.0,0.0
Colson Yankoff,TE,TE/FLEX,WAS,2,2500,0.0,0.0,0.0,0.0
Jack Westover,TE,TE/FLEX,WAS,2,2500,0.0,0.0,0.0,0.0
Tyler Ott,TE,TE/FLEX,WAS,2,2500,0.0,0.0,0.0,0.0
Luke Schoonmaker,TE,TE/FLEX,DAL,2,2500,0.0,0.0,0.0,0.0
Princeton Fant,TE,TE/FLEX,DAL,2,2500,0.0,0.0,0.0,0.0
DJ Rogers,TE,TE/FLEX,DAL,2,2500,0.0,0.0,0.0,0.0
Michael Trigg,TE,TE/FLEX,DAL,2,2500,0.0,0.0,0.0,0.0
James Mitchell,TE,TE/FLEX,DAL,2,2500,0.0,0.0,0.0,0.0
Erick All Jr.,TE,TE/FLEX,CIN,2,2500,0.0,0.0,0.0,0.0
Jack Endries,TE,TE/FLEX,CIN,2,2500,0.0,0.0,0.0,0.0
Tanner Hudson,TE,TE/FLEX,CIN,2,2500,0.0,0.0,0.0,0.0
William Wagner,TE,TE/FLEX,CIN,2,2500,0.0,0.0,0.0,0.0
Marlin Klein,TE,TE/FLEX,HOU,2,2500,0.02,0.0,0.0,0.0
Cade Stover,TE,TE/FLEX,HOU,2,2500,0.0,0.0,0.0,0.0
Brevin Jordan,TE,TE/FLEX,HOU,2,2500,0.0,0.0,0.0,0.0
Zaire Mitchell-Paden,TE,TE/FLEX,HOU,2,2500,0.0,0.0,0.0,0.0
Chris Manhertz,TE,TE/FLEX,NYG,2,2500,0.0,0.0,0.0,0.0
Thomas Fidone II,TE,TE/FLEX,NYG,2,2500,0.0,0.0,0.0,0.0
Ben Mann,TE,TE/FLEX,NYG,2,2500,0.0,0.0,0.0,0.0
Davis Allen,TE,TE/FLEX,LAR,2,2500,0.03,1.7,1.7,0.0
Dan Villari,TE,TE/FLEX,LAR,2,2500,0.0,0.0,0.0,0.0
Tyler Conklin,TE,TE/FLEX,DET,2,2500,0.0,0.0,0.0,0.0
Jackson Meeks,TE,TE/FLEX,DET,2,2500,0.0,0.0,0.0,0.0
Thomas Gordon,TE,TE/FLEX,DET,2,2500,0.0,0.0,0.0,0.0
Jackson Hawes,TE,TE/FLEX,BUF,2,2500,0.02,0.0,0.0,0.0
Keleki Latu,TE,TE/FLEX,BUF,2,2500,0.0,0.0,0.0,0.0
Cardinals,DST,DST,ARI,2,2500,3.65,2.0,2.0,0.0
Commanders,DST,DST,WAS,2,2500,0.3,-2.0,-2.0,0.0
Lions,DST,DST,DET,2,2500,0.57,-2.0,-2.0,0.0
Jaguars,DST,DST,JAX,2,2400,10.01,3.0,3.0,0.0
Jets,DST,DST,NYJ,2,2400,3.23,6.0,6.0,0.0
Colts,DST,DST,IND,2,2300,0.77,1.0,1.0,0.0
Saints,DST,DST,NO,2,2300,0.54,8.0,8.0,0.0
Browns,DST,DST,CLE,2,2200,2.72,6.0,6.0,0.0
Giants,DST,DST,NYG,2,2200,3.33,4.0,4.0,0.0
Titans,DST,DST,TEN,2,2100,2.59,7.0,7.0,0.0
Dolphins,DST,DST,MIA,2,2000,1.85,-4.0,-4.0,0.0
