RK,NAME,TEAM,POS,WK,OPP,LOSS,DEF_SCK,QB_HITS,DEF_INT,FR,SFTY,DEF_TD,RET_TD,OPP_PTS,FPTS,TGT_SHARE,TOUCH_SHARE,OPP_SHARE
1,Bengals,CIN,DST,1,TB,5,4,6,0,4,0,1,0,27,18.0,,0.0,0.0
2,Steelers,PIT,DST,1,ATL,7,4,5,2,0,0,1,0,13,18.0,,0.0,0.0
3,Raiders,LV,DST,1,MIA,7,5,11,1,1,0,0,0,13,13.0,,0.0,0.0
4,Jaguars,JAX,DST,1,CLE,6,5,8,1,1,0,0,0,10,13.0,,0.0,0.0
5,Seahawks,SEA,DST,1,NE,9,3,5,3,0,0,0,0,10,13.0,,0.0,0.0
6,Chiefs,KC,DST,1,DEN,3,4,5,1,1,0,0,0,10,12.0,,0.0,0.0
7,Lions,DET,DST,1,NO,7,5,9,2,1,0,0,0,30,10.0,,0.0,0.0
8,Buccaneers,TB,DST,1,CIN,5,1,6,1,0,0,1,0,33,9.0,,0.0,0.0
9,Jets,NYJ,DST,1,TEN,4,3,5,0,1,0,0,0,10,9.0,,0.0,0.0
10,Cardinals,ARI,DST,1,LAC,5,3,5,1,1,0,0,0,14,8.0,,0.0,0.0
11,Vikings,MIN,DST,1,GB,7,4,15,1,1,0,0,0,22,8.0,,0.0,0.0
12,49ers,SF,DST,1,LAR,2,0,8,1,1,0,0,0,7,8.0,,0.0,0.0
13,Patriots,NE,DST,1,SEA,3,2,6,0,0,0,0,0,13,6.0,,0.0,0.0
14,Ravens,BAL,DST,1,IND,6,2,9,1,1,0,0,0,23,6.0,,0.0,0.0
15,Bills,BUF,DST,1,HOU,8,3,9,0,2,0,0,0,31,6.0,,0.0,0.0
16,Falcons,ATL,DST,1,PIT,4,2,6,0,1,0,0,0,20,5.0,,0.0,0.0
17,Dolphins,MIA,DST,1,LV,7,0,2,2,0,0,0,0,27,4.0,,0.0,0.0
18,Bears,CHI,DST,1,CAR,2,2,5,1,2,0,0,0,37,4.0,,0.0,0.0
19,Commanders,WAS,DST,1,PHI,10,3,5,0,0,0,0,0,24,3.0,,0.0,0.0
20,Giants,NYG,DST,1,DAL,1,0,3,1,0,0,0,0,20,3.0,,0.0,0.0
21,Broncos,DEN,DST,1,KC,3,2,5,1,0,0,0,0,31,3.0,,0.0,0.0
22,Cowboys,DAL,DST,1,NYG,3,2,6,0,1,0,0,0,28,3.0,,0.0,0.0
23,Saints,NO,DST,1,DET,5,1,8,0,1,0,0,0,31,2.0,,0.0,0.0
24,Rams,LAR,DST,1,SF,1,0,2,1,0,0,0,0,27,2.0,,0.0,0.0
25,Packers,GB,DST,1,MIN,4,3,6,1,0,0,0,0,39,1.0,,0.0,0.0
26,Chargers,LAC,DST,1,ARI,1,1,7,0,0,0,0,0,26,1.0,,0.0,0.0
27,Eagles,PHI,DST,1,WAS,2,1,2,0,0,0,0,0,22,1.0,,0.0,0.0
28,Browns,CLE,DST,1,JAX,4,1,3,0,0,0,0,0,34,0.0,,0.0,0.0
29,Titans,TEN,DST,1,NYJ,2,0,1,0,0,0,0,0,23,0.0,,0.0,0.0
30,Panthers,CAR,DST,1,CHI,4,2,3,0,1,0,0,0,59,0.0,,0.0,0.0
31,Colts,IND,DST,1,BAL,0,2,4,0,1,0,0,0,41,0.0,,0.0,0.0
32,Texans,HOU,DST,1,BUF,3,2,4,0,0,0,0,0,36,-2.0,,0.0,0.0
1,Panthers,CAR,DST,2,ATL,3,3,5,3,2,0,1,0,3,26.0,,0.0,0.0
2,Patriots,NE,DST,2,PIT,6,4,7,1,1,0,1,0,3,21.0,,0.0,0.0
3,Vikings,MIN,DST,2,CHI,5,4,10,1,1,0,0,0,3,15.0,,0.0,0.0
4,Rams,LAR,DST,2,NYG,3,2,8,1,0,0,0,0,6,11.0,,0.0,0.0
5,Bengals,CIN,DST,2,HOU,8,4,7,0,0,0,0,0,6,11.0,,0.0,0.0
6,Raiders,LV,DST,2,LAC,2,3,9,2,1,0,0,0,14,10.0,,0.0,0.0
7,Steelers,PIT,DST,2,NE,8,3,7,1,1,0,0,0,20,8.0,,0.0,0.0
8,Seahawks,SEA,DST,2,ARI,5,2,7,1,0,0,0,0,7,8.0,,0.0,0.0
9,49ers,SF,DST,2,MIA,5,4,5,0,0,0,0,0,13,8.0,,0.0,0.0
10,Broncos,DEN,DST,2,JAX,5,2,7,1,0,0,0,0,13,8.0,,0.0,0.0
11,Titans,TEN,DST,2,PHI,8,3,6,2,0,0,0,0,24,7.0,,0.0,0.0
12,Bears,CHI,DST,2,MIN,5,3,4,0,0,0,0,0,9,7.0,,0.0,0.0
13,Texans,HOU,DST,2,CIN,8,5,9,0,0,0,0,0,20,6.0,,0.0,0.0
14,Browns,CLE,DST,2,TB,7,3,5,1,0,0,0,0,19,6.0,,0.0,0.0
15,Saints,NO,DST,2,BAL,4,3,6,1,0,0,0,0,17,6.0,,0.0,0.0
16,Jets,NYJ,DST,2,GB,6,3,3,0,1,0,0,0,20,6.0,,0.0,0.0
17,Packers,GB,DST,2,NYJ,9,4,10,0,0,0,0,0,17,5.0,,0.0,0.0
18,Chargers,LAC,DST,2,LV,4,2,10,1,0,0,0,0,26,4.0,,0.0,0.0
19,Giants,NYG,DST,2,LAR,1,1,2,1,1,0,0,0,28,4.0,,0.0,0.0
20,Ravens,BAL,DST,2,NO,7,3,4,0,0,0,0,0,24,3.0,,0.0,0.0
21,Eagles,PHI,DST,2,TEN,6,2,3,0,0,0,0,0,20,3.0,,0.0,0.0
22,Cowboys,DAL,DST,2,WAS,3,0,6,0,1,0,0,0,20,3.0,,0.0,0.0
23,Jaguars,JAX,DST,2,DEN,2,0,3,1,0,0,0,0,20,3.0,,0.0,0.0
24,Bills,BUF,DST,2,DET,5,4,11,0,0,0,0,0,31,3.0,,0.0,0.0
25,Cardinals,ARI,DST,2,SEA,6,1,3,0,1,0,0,0,31,2.0,,0.0,0.0
26,Buccaneers,TB,DST,2,CLE,6,2,4,0,0,0,0,0,23,2.0,,0.0,0.0
27,Falcons,ATL,DST,2,CAR,3,2,8,0,0,0,0,0,34,1.0,,0.0,0.0
28,Chiefs,KC,DST,2,IND,6,0,4,1,0,0,0,0,30,1.0,,0.0,0.0
29,Colts,IND,DST,2,KC,4,2,4,0,0,0,0,0,33,1.0,,0.0,0.0
30,Lions,DET,DST,2,BUF,3,2,8,0,0,0,0,0,41,-2.0,,0.0,0.0
31,Commanders,WAS,DST,2,DAL,3,2,6,0,0,0,0,0,37,-2.0,,0.0,0.0
32,Dolphins,MIA,DST,2,SF,1,0,2,0,0,0,0,0,35,-4.0,,0.0,0.0
1,Vikings,MIN,DST,3,TB,6,6,12,2,0,0,0,1,16,17.0,,0.0,0.0
2,Jaguars,JAX,DST,3,NE,0,3,5,2,1,0,0,0,6,16.0,,0.0,0.0
3,Broncos,DEN,DST,3,LAR,8,4,14,2,0,0,1,0,26,14.0,,0.0,0.0
4,Chargers,LAC,DST,3,BUF,3,4,7,2,3,0,0,0,24,14.0,,0.0,0.0
5,Bears,CHI,DST,3,PHI,5,2,4,2,1,0,0,0,7,12.0,,0.0,0.0
6,Texans,HOU,DST,3,IND,6,4,7,1,2,0,0,0,19,11.0,,0.0,0.0
7,Commanders,WAS,DST,3,SEA,3,0,6,2,1,0,1,0,31,11.0,,0.0,0.0
8,Raiders,LV,DST,3,NO,5,2,8,1,3,0,0,0,27,10.0,,0.0,0.0
9,Giants,NYG,DST,3,TEN,2,0,2,1,1,0,0,0,7,8.0,,0.0,0.0
10,Chiefs,KC,DST,3,MIA,4,0,1,1,1,0,0,0,10,8.0,,0.0,0.0
11,Lions,DET,DST,3,NYJ,8,5,7,0,1,0,0,0,24,7.0,,0.0,0.0
12,Titans,TEN,DST,3,NYG,8,3,5,0,0,0,0,0,12,7.0,,0.0,0.0
13,Browns,CLE,DST,3,CAR,6,3,8,1,0,0,0,0,18,6.0,,0.0,0.0
14,Bills,BUF,DST,3,LAC,4,2,8,1,0,0,0,0,16,5.0,,0.0,0.0
15,Steelers,PIT,DST,3,CIN,3,1,6,0,2,0,0,0,27,5.0,,0.0,0.0
16,Buccaneers,TB,DST,3,MIN,6,3,4,1,0,0,0,0,23,5.0,,0.0,0.0
17,Falcons,ATL,DST,3,GB,3,1,12,1,0,0,0,0,14,4.0,,0.0,0.0
18,Panthers,CAR,DST,3,CLE,4,2,6,0,1,0,0,0,21,4.0,,0.0,0.0
19,Colts,IND,DST,3,HOU,2,3,7,0,0,0,0,0,17,4.0,,0.0,0.0
20,Rams,LAR,DST,3,DEN,2,1,3,1,0,0,0,0,30,3.0,,0.0,0.0
21,Bengals,CIN,DST,3,PIT,3,2,8,1,0,0,0,0,30,3.0,,0.0,0.0
22,Seahawks,SEA,DST,3,WAS,5,2,9,0,0,0,0,0,33,2.0,,0.0,0.0
23,Ravens,BAL,DST,3,DAL,6,1,7,0,1,0,0,0,31,2.0,,0.0,0.0
24,Dolphins,MIA,DST,3,KC,6,0,5,1,0,0,0,0,24,2.0,,0.0,0.0
25,49ers,SF,DST,3,ARI,3,2,5,0,0,0,0,0,30,1.0,,0.0,0.0
26,Jets,NYJ,DST,3,DET,5,2,5,0,0,0,0,0,31,1.0,,0.0,0.0
27,Saints,NO,DST,3,LV,5,3,6,0,1,0,0,0,35,1.0,,0.0,0.0
28,Eagles,PHI,DST,3,CHI,5,0,3,0,0,0,0,0,27,0.0,,0.0,0.0
29,Cowboys,DAL,DST,3,BAL,4,0,1,0,0,0,0,0,34,-1.0,,0.0,0.0
30,Patriots,NE,DST,3,JAX,2,1,6,1,0,0,0,0,35,-1.0,,0.0,0.0
31,Cardinals,ARI,DST,3,SF,2,0,3,0,1,0,0,0,36,-2.0,,0.0,0.0
32,Packers,GB,DST,3,ATL,5,0,1,1,0,0,0,0,35,-2.0,,0.0,0.0
