RK,NAME,TEAM,POS,WK,OPP,PASSING_CMP,PASSING_ATT,PASSING_CMP%,PASSING_YDS,PASSING_AVG,PASSING_TD,INT,LONG,SCK,RATING,RUSHING_ATT,RUSHING_YDS,RUSHING_AVG,RUSHING_TD,FPTS,TGT_SHARE,TOUCH_SHARE,OPP_SHARE
1,Caleb Williams,CHI,QB,1,CAR,21,29,72.4,269,9.3,2,0,47,2,124.1,10,65,6.5,2,37.3,,16.7,15.4
2,Josh Allen,BUF,QB,1,HOU,20,29,69.0,334,11.5,2,0,43,2,130.5,6,23,3.8,2,35.7,,15.0,12.5
3,Bryce Young,CAR,QB,1,CHI,23,37,62.2,361,9.8,3,1,51,2,110.3,2,10,5.0,1,31.4,,4.4,3.8
4,Jaxson Dart,NYG,QB,1,DAL,23,29,79.3,230,7.9,3,0,19,2,134.2,11,54,4.9,0,26.6,,19.0,17.2
5,Trevor Lawrence,JAX,QB,1,CLE,18,23,78.3,245,10.7,4,0,32,1,150.6,2,3,1.5,0,26.1,,4.0,3.8
6,Lamar Jackson,BAL,QB,1,IND,17,25,68.0,324,13.0,1,0,54,2,124.2,7,40,5.7,1,25.0,,13.0,11.7
7,Jalen Hurts,PHI,QB,1,WAS,14,25,56.0,203,8.1,3,0,64,3,122.2,7,46,6.6,0,24.7,,17.9,14.9
8,Tyler Shough,NO,QB,1,DET,35,56,62.5,410,7.3,3,2,47,5,87.7,4,8,2.0,0,23.2,,6.8,5.3
9,Patrick Mahomes,KC,QB,1,DEN,15,27,55.6,184,6.8,2,1,59,2,86.0,7,23,3.3,1,21.7,,13.2,11.5
10,Brock Purdy,SF,QB,1,LAR,25,34,73.5,205,6.0,3,1,39,0,105.6,5,29,5.8,0,21.1,,9.3,7.9
11,Jordan Love,GB,QB,1,MIN,21,42,50.0,387,9.2,2,1,81,4,88.1,1,0,0.0,0,19.5,,2.4,1.7
12,Carson Wentz,MIN,QB,1,GB,12,19,63.2,133,7.0,3,0,39,3,123.5,5,-1,-0.2,0,19.2,,10.2,9.3
13,Jayden Daniels,WAS,QB,1,PHI,18,34,52.9,164,4.8,2,0,33,1,85.9,5,31,6.2,0,17.7,,10.2,8.6
14,Malik Willis,MIA,QB,1,LV,15,27,55.6,220,8.1,0,1,30,5,66.9,6,39,6.5,1,16.7,,18.8,14.3
15,Jacoby Brissett,ARI,QB,1,LAC,27,37,73.0,277,7.5,1,0,33,1,103.1,6,14,2.3,0,16.5,,9.8,8.5
16,C.J. Stroud,HOU,QB,1,BUF,26,38,68.4,274,7.2,2,0,35,3,106.7,2,15,7.5,0,16.5,,3.4,2.9
17,Jared Goff,DET,QB,1,NO,26,39,66.7,206,5.3,2,0,22,1,96.7,2,2,1.0,0,16.4,,3.4,2.8
18,Dak Prescott,DAL,QB,1,NYG,22,34,64.7,175,5.1,2,1,17,0,84.8,2,14,7.0,0,14.4,,5.0,4.2
19,Joe Burrow,CIN,QB,1,TB,25,35,71.4,254,7.3,1,1,29,1,89.5,5,20,4.0,0,14.2,,9.6,8.2
20,Deshaun Watson,CLE,QB,1,JAX,16,22,72.7,205,9.3,1,1,46,5,97.7,6,38,6.3,0,14.0,,15.8,13.6
21,Kirk Cousins,LV,QB,1,MIA,21,30,70.0,160,5.3,3,2,21,0,88.2,5,-6,-1.2,0,13.8,,8.9,8.1
22,Justin Herbert,LAC,QB,1,ARI,17,27,63.0,209,7.7,1,1,26,3,83.7,5,29,5.8,0,13.3,,13.2,10.6
23,Drew Lock,SEA,QB,1,NE,16,22,72.7,187,8.5,1,0,45,1,113.3,2,13,6.5,0,12.8,,5.3,4.7
24,Aaron Rodgers,PIT,QB,1,ATL,24,40,60.0,221,5.5,1,0,28,2,83.4,3,-3,-1.0,0,12.5,,6.7,5.2
25,Cam Ward,TEN,QB,1,NYJ,19,32,59.4,140,4.4,1,0,14,3,80.2,4,21,5.2,0,11.7,,12.5,9.8
26,Baker Mayfield,TB,QB,1,CIN,23,28,82.1,216,7.7,0,0,30,4,98.8,5,30,6.0,1,11.6,,11.9,11.1
27,Drake Maye,NE,QB,1,SEA,23,33,69.7,178,5.4,1,3,19,3,54.9,7,47,6.7,0,9.8,,13.0,11.9
28,Geno Smith,NYJ,QB,1,TEN,19,24,79.2,215,9.0,0,0,40,0,104.0,6,7,1.2,0,9.3,,10.3,9.8
29,Daniel Jones,IND,QB,1,BAL,19,31,61.3,166,5.4,1,1,25,2,72.8,1,4,4.0,0,9.0,,2.6,2.2
30,Cooper Rush,ATL,QB,1,PIT,12,22,54.5,143,6.5,1,2,24,4,51.9,0,0,,0,5.7,,0.0,0.0
31,Bo Nix,DEN,QB,1,KC,17,28,60.7,131,4.7,1,1,19,4,69.2,3,2,0.7,0,5.4,,10.0,8.1
32,Matthew Stafford,LAR,QB,1,SF,15,25,60.0,155,6.2,0,1,41,0,61.2,2,-1,-0.5,0,4.1,,4.3,3.6
33,Kenny Pickett,CAR,QB,1,CHI,0,1,0.0,0,0.0,0,0,0,0,39.6,1,24,24.0,0,2.4,,2.2,1.9
34,Stetson Bennett IV,LAR,QB,1,SF,2,3,66.7,13,4.3,0,0,8,0,75.7,1,9,9.0,0,1.4,,2.2,1.8
35,Sam Darnold,SEA,QB,1,NE,1,2,50.0,13,6.5,0,0,13,1,70.8,0,0,,0,0.5,,0.0,0.0
36,Justin Fields,KC,QB,1,DEN,0,0,,0,,0,0,0,0,0.0,0,0,,0,0.0,,0.0,0.0
37,Nick Mullens,JAX,QB,1,CLE,0,0,,0,,0,0,0,0,0.0,3,-3,-1.0,0,-0.3,,6.0,5.7
38,Kyler Murray,MIN,QB,1,GB,3,5,60.0,18,3.6,0,1,9,0,27.5,2,9,4.5,0,-0.4,,4.1,3.7
1,Josh Allen,BUF,QB,2,DET,20,31,64.5,248,8.0,3,0,43,2,121.4,14,69,4.9,2,40.8,,25.5,22.2
2,Jared Goff,DET,QB,2,BUF,26,38,68.4,327,8.6,4,0,34,4,130.0,3,7,2.3,0,29.8,,6.5,5.2
3,Dak Prescott,DAL,QB,2,WAS,26,31,83.9,279,9.0,4,0,38,2,143.8,4,26,6.5,0,29.8,,8.7,7.8
4,Patrick Mahomes,KC,QB,2,IND,32,47,68.1,382,8.1,3,0,45,2,114.0,2,17,8.5,0,29.0,,3.3,2.9
5,Brock Purdy,SF,QB,2,MIA,20,22,90.9,287,13.0,2,0,40,0,149.1,3,30,10.0,1,28.5,,6.4,6.2
6,Matthew Stafford,LAR,QB,2,NYG,22,31,71.0,327,10.5,4,1,64,1,131.3,4,-1,-0.2,0,27.0,,8.0,7.0
7,Bryce Young,CAR,QB,2,ATL,23,36,63.9,287,8.0,3,0,55,2,116.3,1,6,6.0,0,24.1,,2.4,2.0
8,Tyler Shough,NO,QB,2,BAL,27,34,79.4,252,7.4,1,0,29,3,107.3,9,23,2.6,1,22.4,,17.3,15.8
9,Drew Lock,SEA,QB,2,ARI,19,26,73.1,235,9.0,3,0,82,1,139.1,0,0,,0,21.4,,0.0,0.0
10,Kirk Cousins,LV,QB,2,LAC,19,29,65.5,253,8.7,3,1,42,2,113.2,4,1,0.2,0,20.2,,8.5,7.4
11,Cam Ward,TEN,QB,2,PHI,13,20,65.0,183,9.2,0,0,41,2,94.4,4,7,1.8,2,20.0,,9.5,8.7
12,Deshaun Watson,CLE,QB,2,TB,24,30,80.0,238,7.9,2,0,55,2,121.9,7,22,3.1,0,19.7,,14.9,13.5
13,C.J. Stroud,HOU,QB,2,CIN,30,55,54.5,353,6.4,0,0,35,4,74.3,3,29,9.7,0,17.0,,6.2,4.4
14,Joe Burrow,CIN,QB,2,HOU,20,31,64.5,207,6.7,2,0,32,5,105.2,1,-1,-1.0,0,16.2,,2.4,2.0
15,Jalen Hurts,PHI,QB,2,TEN,26,37,70.3,264,7.1,2,2,27,3,85.9,5,16,3.2,0,16.2,,9.3,7.9
16,Geno Smith,NYJ,QB,2,GB,27,41,65.9,247,6.0,1,0,43,4,90.2,5,17,3.4,0,15.6,,9.3,7.9
17,Lamar Jackson,BAL,QB,2,NO,21,31,67.7,235,7.6,1,1,47,3,87.4,4,34,8.5,0,14.8,,9.5,8.3
18,Jayden Daniels,WAS,QB,2,DAL,11,17,64.7,96,5.6,1,0,24,0,99.1,7,69,9.9,0,14.7,,12.7,10.8
19,Bo Nix,DEN,QB,2,JAX,22,31,71.0,288,9.3,1,1,49,0,97.2,5,6,1.2,0,14.1,,10.2,9.3
20,Jordan Love,GB,QB,2,NYJ,16,29,55.2,145,5.0,2,0,20,3,91.9,0,0,,0,13.8,,0.0,0.0
21,Malik Willis,MIA,QB,2,SF,14,23,60.9,197,8.6,1,0,77,4,103.0,2,6,3.0,0,12.5,,4.8,4.0
22,Baker Mayfield,TB,QB,2,CLE,21,34,61.8,182,5.4,1,1,49,3,73.4,4,29,7.2,0,12.2,,8.7,6.9
23,Daniel Jones,IND,QB,2,KC,22,31,71.0,210,6.8,1,1,48,0,86.8,3,10,3.3,0,11.4,,6.1,5.8
24,Marcus Mariota,WAS,QB,2,DAL,11,16,68.8,111,6.9,1,0,26,0,109.1,1,3,3.0,0,8.7,,1.8,1.5
25,Drake Maye,NE,QB,2,PIT,14,22,63.6,208,9.5,0,1,63,3,75.6,4,17,4.2,0,8.0,,10.3,8.7
26,Justin Herbert,LAC,QB,2,LV,15,27,55.6,192,7.1,1,2,53,3,59.5,3,2,0.7,0,7.9,,6.4,5.3
27,Caleb Williams,CHI,QB,2,MIN,15,26,57.7,138,5.3,0,1,32,3,56.2,5,42,8.4,0,7.7,,9.8,8.1
28,Jacoby Brissett,ARI,QB,2,SEA,17,28,60.7,95,3.4,1,1,9,2,63.8,1,7,7.0,0,6.5,,2.9,2.4
29,Carson Wentz,MIN,QB,2,CHI,11,20,55.0,143,7.2,0,0,30,3,77.7,3,6,2.0,0,6.3,,7.7,6.5
30,Trevor Lawrence,JAX,QB,2,DEN,17,29,58.6,189,6.5,0,1,32,2,63.7,2,6,3.0,0,6.2,,4.9,3.8
31,Aaron Rodgers,PIT,QB,2,NE,23,39,59.0,187,4.8,0,1,26,4,60.5,1,5,5.0,0,4.0,,2.2,1.7
32,Jameis Winston,NYG,QB,2,LAR,11,27,40.7,111,4.1,0,1,33,2,37.7,2,1,0.5,0,2.5,,5.9,4.1
33,Tyson Bagent,CHI,QB,2,MIN,5,9,55.6,54,6.0,0,0,21,1,73.4,0,0,,0,2.2,,0.0,0.0
34,Jaxson Dart,NYG,QB,2,LAR,3,5,60.0,20,4.0,0,0,14,0,68.8,0,0,,0,0.8,,0.0,0.0
35,Mason Rudolph,PIT,QB,2,NE,0,1,0.0,0,0.0,0,0,0,0,39.6,1,3,3.0,0,0.3,,2.2,1.7
36,Jack Strand,ATL,QB,2,CAR,8,15,53.3,59,3.9,0,1,13,2,35.1,2,16,8.0,0,-0.0,,4.2,3.5
37,Mac Jones,SF,QB,2,MIA,0,0,,0,,0,0,0,0,0.0,2,-2,-1.0,0,-0.2,,4.3,4.2
38,Kenny Pickett,CAR,QB,2,ATL,0,0,,0,,0,0,0,0,0.0,1,-4,-4.0,0,-0.4,,2.4,2.0
39,Cooper Rush,ATL,QB,2,CAR,10,17,58.8,86,5.1,0,2,17,1,32.6,2,20,10.0,0,-0.6,,4.2,3.5
