RK,NAME,TEAM,POS,WK,OPP,RECEIVING_TGTS,RECEIVING_REC,CATCH%,RECEIVING_YDS,RECEIVING_TD,LONG,YDS/TGT,YDS/REC,RUSHING_ATT,RUSHING_YDS,RUSHING_AVG,RUSHING_TD,FUMBLES,FUMBLES_LOST,FPTS,TGT_SHARE,TOUCH_SHARE,OPP_SHARE
1,Isaiah Likely,NYG,TE,1,DAL,8,8,100.0,78,2,19,9.8,9.8,0,0,,0,1,0,27.8,27.6,13.8,12.5
2,Trey McBride,ARI,TE,1,LAC,13,9,69.2,95,1,27,7.3,10.6,0,0,,0,0,0,24.5,35.1,14.8,18.3
3,Dallas Goedert,PHI,TE,1,WAS,5,4,80.0,77,2,43,15.4,19.2,0,0,,0,0,0,23.7,20.0,10.3,10.6
4,Mike Gesicki,CIN,TE,1,TB,7,5,71.4,78,1,25,11.1,15.6,0,0,,0,0,0,18.8,20.0,9.6,11.5
5,Dalton Kincaid,BUF,TE,1,HOU,6,5,83.3,130,0,40,21.7,26.0,0,0,,0,0,0,18.0,20.7,12.5,12.5
6,Pat Freiermuth,PIT,TE,1,ATL,5,5,100.0,46,1,19,9.2,9.2,0,0,,0,0,0,15.6,12.5,11.1,8.6
7,Juwan Johnson,NO,TE,1,DET,7,3,42.9,54,1,27,7.7,18.0,0,0,,0,0,0,14.4,12.5,5.1,9.2
8,Evan Engram,DEN,TE,1,KC,5,4,80.0,43,1,19,8.6,10.8,0,0,,0,0,0,14.3,17.9,13.3,13.5
9,T.J. Hockenson,MIN,TE,1,GB,5,4,80.0,36,1,16,7.2,9.0,0,0,,0,0,0,13.6,20.8,8.2,9.3
10,Noah Fant,NO,TE,1,DET,8,4,50.0,33,1,10,4.1,8.2,0,0,,0,0,0,13.3,14.3,6.8,10.5
11,Cole Kmet,CHI,TE,1,CAR,3,2,66.7,35,1,22,11.7,17.5,0,0,,0,0,0,11.5,10.3,3.3,4.6
12,Kenyon Sadiq,NYJ,TE,1,TEN,3,3,100.0,21,0,8,7.0,7.0,1,3,3.0,1,0,0,11.4,12.5,6.9,6.6
13,David Njoku,LAC,TE,1,ARI,5,5,100.0,58,0,15,11.6,11.6,0,0,,0,0,0,10.8,18.5,13.2,10.6
14,Brenton Strange,JAX,TE,1,CLE,3,2,66.7,23,1,14,7.7,11.5,0,0,,0,0,0,10.3,13.0,4.0,5.7
15,Tyler Warren,IND,TE,1,BAL,5,3,60.0,13,1,9,2.6,4.3,0,0,,0,0,0,10.3,16.1,7.7,10.9
16,Travis Kelce,KC,TE,1,DEN,5,3,60.0,71,0,59,14.2,23.7,0,0,,0,0,0,10.1,18.5,5.7,8.2
17,Sam LaPorta,DET,TE,1,NO,8,5,62.5,48,0,19,6.0,9.6,0,0,,0,0,0,9.8,20.5,8.5,11.3
18,Tucker Kraft,GB,TE,1,MIN,6,3,50.0,65,0,30,10.8,21.7,0,0,,0,0,0,9.5,14.3,7.1,10.0
19,Michael Mayer,LV,TE,1,MIA,7,6,85.7,32,0,14,4.6,5.3,0,0,,0,0,0,9.2,23.3,10.7,11.3
20,Mark Andrews,BAL,TE,1,IND,6,4,66.7,49,0,17,8.2,12.2,0,0,,0,0,0,8.9,24.0,7.4,10.0
21,Dalton Schultz,HOU,TE,1,BUF,8,4,50.0,35,0,18,4.4,8.8,0,0,,0,0,0,7.5,21.1,6.9,11.6
22,Eli Raridon,NE,TE,1,SEA,1,1,100.0,2,1,2,2.0,2.0,0,0,,0,0,0,7.2,3.0,1.9,1.7
23,Jonnu Smith,GB,TE,1,MIN,3,2,66.7,50,0,43,16.7,25.0,0,0,,0,0,0,7.0,7.1,4.8,5.0
24,Gunnar Helm,TEN,TE,1,NYJ,5,4,80.0,28,0,12,5.6,7.0,0,0,,0,0,0,6.8,15.6,12.5,12.2
25,Hunter Henry,NE,TE,1,SEA,3,3,100.0,26,0,13,8.7,8.7,0,0,,0,0,0,5.6,9.1,5.6,5.1
26,Cade Otton,TB,TE,1,CIN,5,3,60.0,26,0,13,5.2,8.7,0,0,,0,0,0,5.6,17.9,7.1,11.1
27,Tommy Tremble,CAR,TE,1,CHI,5,3,60.0,25,0,11,5.0,8.3,0,0,,0,0,0,5.5,13.2,6.7,9.4
28,Oronde Gadsden,LAC,TE,1,ARI,2,2,100.0,32,0,26,16.0,16.0,0,0,,0,0,0,5.2,7.4,5.3,4.3
29,Drew Sample,CIN,TE,1,TB,3,3,100.0,19,0,11,6.3,6.3,0,0,,0,0,0,4.9,8.6,5.8,4.9
30,Darren Waller,CAR,TE,1,CHI,2,2,100.0,28,0,17,14.0,14.0,0,0,,0,0,0,4.8,5.3,4.4,3.8
31,Josh Oliver,MIN,TE,1,GB,4,2,50.0,22,0,13,5.5,11.0,0,0,,0,0,0,4.2,16.7,4.1,7.4
32,Harold Fannin Jr.,CLE,TE,1,JAX,3,2,66.7,21,0,12,7.0,10.5,0,0,,0,0,0,4.1,13.6,5.3,6.8
33,Luke Farrell,SF,TE,1,LAR,2,2,100.0,19,0,14,9.5,9.5,0,0,,0,0,0,3.9,5.9,3.7,3.2
34,Darnell Washington,PIT,TE,1,ATL,2,2,100.0,18,0,15,9.0,9.0,0,0,,0,0,0,3.8,5.0,4.4,3.4
35,Greg Dulcich,MIA,TE,1,LV,2,2,100.0,18,0,12,9.0,9.0,0,0,,0,0,0,3.8,7.4,6.2,4.8
36,Chig Okonkwo,WAS,TE,1,PHI,3,2,66.7,16,0,15,5.3,8.0,0,0,,0,0,0,3.6,8.8,4.1,5.2
37,Foster Moreau,HOU,TE,1,BUF,2,2,100.0,15,0,9,7.5,7.5,0,0,,0,0,0,3.5,5.3,3.4,2.9
38,Brevyn Spann-Ford,DAL,TE,1,NYG,2,2,100.0,14,0,8,7.0,7.0,0,0,,0,0,0,3.4,5.9,5.0,4.2
39,AJ Barner,SEA,TE,1,NE,2,2,100.0,13,0,9,6.5,6.5,0,0,,0,0,0,3.3,8.3,5.3,4.7
40,John Bates,WAS,TE,1,PHI,3,2,66.7,13,0,8,4.3,6.5,0,0,,0,0,0,3.3,8.8,4.1,5.2
41,George Kittle,SF,TE,1,LAR,5,2,40.0,12,0,6,2.4,6.0,0,0,,0,0,0,3.2,14.7,3.7,7.9
42,Adam Trautman,DEN,TE,1,KC,3,2,66.7,10,0,6,3.3,5.0,0,0,,0,0,0,3.0,10.7,6.7,8.1
43,Jake Ferguson,DAL,TE,1,NYG,2,2,100.0,6,0,6,3.0,3.0,0,0,,0,0,0,2.6,5.9,5.0,4.2
44,Marlin Klein,HOU,TE,1,BUF,1,1,100.0,16,0,16,16.0,16.0,0,0,,0,0,0,2.6,2.6,1.7,1.4
45,Blake Whiteheart,CLE,TE,1,JAX,1,1,100.0,14,0,14,14.0,14.0,0,0,,0,0,0,2.4,4.5,2.6,2.3
46,Davis Allen,LAR,TE,1,SF,1,1,100.0,13,0,13,13.0,13.0,0,0,,0,0,0,2.3,3.6,2.2,1.8
47,Matt Hibner,BAL,TE,1,IND,1,1,100.0,13,0,13,13.0,13.0,0,0,,0,0,0,2.3,4.0,1.9,1.7
48,Luke Schoonmaker,DAL,TE,1,NYG,1,1,100.0,12,0,12,12.0,12.0,0,0,,0,0,0,2.2,2.9,2.5,2.1
49,Mitchell Evans,CAR,TE,1,CHI,2,1,50.0,9,0,9,4.5,9.0,0,0,,0,0,0,1.9,5.3,2.2,3.8
50,Theo Johnson,NYG,TE,1,DAL,1,1,100.0,9,0,9,9.0,9.0,0,0,,0,0,0,1.9,3.4,1.7,1.6
51,Nate Boerkircher,JAX,TE,1,CLE,1,1,100.0,9,0,9,9.0,9.0,0,0,,0,0,0,1.9,4.3,2.0,1.9
52,Jake Briningstool,KC,TE,1,DEN,1,1,100.0,9,0,9,9.0,9.0,0,0,,0,0,0,1.9,3.7,1.9,1.6
53,Mason Taylor,NYJ,TE,1,TEN,3,2,66.7,-2,0,6,-0.7,-1.0,0,0,,0,0,0,1.8,12.5,3.4,4.9
54,Dawson Knox,BUF,TE,1,HOU,1,1,100.0,7,0,7,7.0,7.0,0,0,,0,0,0,1.7,3.4,2.5,2.1
55,Daniel Bellinger,TEN,TE,1,NYJ,1,1,100.0,7,0,7,7.0,7.0,0,0,,0,0,0,1.7,3.1,3.1,2.4
56,Colby Parkinson,LAR,TE,1,SF,2,1,50.0,6,0,6,3.0,6.0,0,0,,0,0,0,1.6,7.1,2.2,3.6
57,Noah Gray,KC,TE,1,DEN,1,1,100.0,5,0,5,5.0,5.0,0,0,,0,0,0,1.5,3.7,1.9,1.6
58,Brock Wright,DET,TE,1,NO,1,1,100.0,5,0,5,5.0,5.0,0,0,,0,0,0,1.5,2.6,1.7,1.4
59,Durham Smythe,BAL,TE,1,IND,1,1,100.0,4,0,4,4.0,4.0,0,0,,0,0,0,1.4,4.0,1.9,1.7
60,Jeremy Ruckert,NYJ,TE,1,TEN,1,1,100.0,4,0,4,4.0,4.0,0,0,,0,0,0,1.4,4.2,1.7,1.6
61,Tanner Hudson,CIN,TE,1,TB,1,1,100.0,4,0,4,4.0,4.0,0,0,,0,0,0,1.4,2.9,1.9,1.6
62,Tyler Higbee,LAR,TE,1,SF,2,2,100.0,12,0,8,6.0,6.0,0,0,,0,1,1,1.2,7.1,4.3,3.6
63,Cade Stover,HOU,TE,1,BUF,1,1,100.0,-2,0,-2,-2.0,-2.0,0,0,,0,0,0,0.8,2.6,1.7,1.4
64,Treyton Welch,NO,TE,1,DET,0,0,,0,0,0,,,0,0,,0,0,0,0.0,0.0,0.0,0.0
65,Charlie Kolar,LAC,TE,1,ARI,0,0,,0,0,0,,,0,0,,0,0,0,0.0,0.0,0.0,0.0
66,Tyler Conklin,DET,TE,1,NO,0,0,,0,0,0,,,0,0,,0,0,0,0.0,0.0,0.0,0.0
67,Nate Adkins,DEN,TE,1,KC,0,0,,0,0,0,,,0,0,,0,0,0,0.0,0.0,0.0,0.0
68,Feleipe Franks,CAR,TE,1,CHI,0,0,,0,0,0,,,0,0,,0,0,0,0.0,0.0,0.0,0.0
69,Carsen Ryan,CLE,TE,1,JAX,0,0,,0,0,0,,,0,0,,0,0,0,0.0,0.0,0.0,0.0
70,Quintin Morris,JAX,TE,1,CLE,1,0,0.0,0,0,0,0.0,,0,0,,0,0,0,0.0,4.3,0.0,1.9
71,Sam Roush,CHI,TE,1,CAR,0,0,,0,0,0,,,0,0,,0,0,0,0.0,0.0,0.0,0.0
72,Colston Loveland,CHI,TE,1,CAR,2,0,0.0,0,0,0,0.0,,0,0,,0,0,0,0.0,6.9,0.0,3.1
73,Cameron Latu,NE,TE,1,SEA,0,0,,0,0,0,,,0,0,,0,0,0,0.0,0.0,0.0,0.0
74,Kyle Pitts Sr.,ATL,TE,1,PIT,1,0,0.0,0,0,0,0.0,,0,0,,0,0,0,0.0,4.5,0.0,1.9
75,Charlie Woerner,ATL,TE,1,PIT,0,0,,0,0,0,,,0,0,,0,0,0,0.0,0.0,0.0,0.0
76,Robert Tonyan,PIT,TE,1,ATL,0,0,,0,0,0,,,0,0,,0,0,0,0.0,0.0,0.0,0.0
77,Nick Muse,ATL,TE,1,PIT,0,0,,0,0,0,,,0,0,,0,0,0,0.0,0.0,0.0,0.0
78,Eric Saubert,SEA,TE,1,NE,0,0,,0,0,0,,,0,0,,0,0,0,0.0,0.0,0.0,0.0
79,Gavin Bartholomew,MIN,TE,1,GB,0,0,,0,0,0,,,0,0,,0,0,0,0.0,0.0,0.0,0.0
80,Mark Redman,GB,TE,1,MIN,0,0,,0,0,0,,,0,0,,0,0,0,0.0,0.0,0.0,0.0
81,Tanner Arkin,NE,TE,1,SEA,0,0,,0,0,0,,,0,0,,0,0,0,0.0,0.0,0.0,0.0
82,Elijah Arroyo,SEA,TE,1,NE,0,0,,0,0,0,,,0,0,,0,0,0,0.0,0.0,0.0,0.0
83,Josh Whyle,GB,TE,1,MIN,0,0,,0,0,0,,,0,0,,0,0,0,0.0,0.0,0.0,0.0
84,Jackson Hawes,BUF,TE,1,HOU,0,0,,0,0,0,,,0,0,,0,0,0,0.0,0.0,0.0,0.0
85,Johnny Mundt,PHI,TE,1,WAS,0,0,,0,0,0,,,0,0,,0,0,0,0.0,0.0,0.0,0.0
86,Keleki Latu,BUF,TE,1,HOU,0,0,,0,0,0,,,0,0,,0,0,0,0.0,0.0,0.0,0.0
87,E.J. Jenkins,PHI,TE,1,WAS,0,0,,0,0,0,,,0,0,,0,0,0,0.0,0.0,0.0,0.0
88,Ben Sinnott,WAS,TE,1,PHI,0,0,,0,0,0,,,0,0,,0,0,0,0.0,0.0,0.0,0.0
89,Chris Manhertz,NYG,TE,1,DAL,0,0,,0,0,0,,,0,0,,0,0,0,0.0,0.0,0.0,0.0
90,Colson Yankoff,WAS,TE,1,PHI,0,0,,0,0,0,,,0,0,,0,0,0,0.0,0.0,0.0,0.0
91,David Martin-Robinson,TEN,TE,1,NYJ,0,0,,0,0,0,,,0,0,,0,0,0,0.0,0.0,0.0,0.0
92,Jake Tonges,SF,TE,1,LAR,0,0,,0,0,0,,,0,0,,0,0,0,0.0,0.0,0.0,0.0
93,Kylen Granson,TEN,TE,1,NYJ,0,0,,0,0,0,,,0,0,,0,0,0,0.0,0.0,0.0,0.0
94,Jelani Woods,NYJ,TE,1,TEN,0,0,,0,0,0,,,0,0,,0,0,0,0.0,0.0,0.0,0.0
95,Seydou Traore,MIA,TE,1,LV,0,0,,0,0,0,,,0,0,,0,0,0,0.0,0.0,0.0,0.0
96,Ian Thomas,LV,TE,1,MIA,0,0,,0,0,0,,,0,0,,0,0,0,0.0,0.0,0.0,0.0
97,Will Kacmarek,MIA,TE,1,LV,1,0,0.0,0,0,0,0.0,,0,0,,0,0,0,0.0,3.7,0.0,2.4
98,Chris Myarick,LV,TE,1,MIA,0,0,,0,0,0,,,0,0,,0,0,0,0.0,0.0,0.0,0.0
99,Terrance Ferguson,LAR,TE,1,SF,1,0,0.0,0,0,0,0.0,,0,0,,0,0,0,0.0,3.6,0.0,1.8
100,Austin Hooper,ATL,TE,1,PIT,0,0,,0,0,0,,,0,0,,0,0,0,0.0,0.0,0.0,0.0
1,Dalton Schultz,HOU,TE,2,CIN,14,12,85.7,140,0,35,10.0,11.7,0,0,,0,0,0,26.0,25.5,25.0,20.6
2,Travis Kelce,KC,TE,2,IND,11,9,81.8,101,1,18,9.2,11.2,0,0,,0,0,0,25.1,23.4,15.0,15.7
3,Dalton Kincaid,BUF,TE,2,DET,8,7,87.5,95,1,25,11.9,13.6,0,0,,0,0,0,22.5,25.8,12.7,12.7
4,Jake Ferguson,DAL,TE,2,WAS,4,4,100.0,43,2,14,10.8,10.8,0,0,,0,0,0,20.3,12.9,8.7,7.8
5,Darren Waller,CAR,TE,2,ATL,3,3,100.0,33,2,14,11.0,11.0,0,0,,0,0,0,18.3,8.3,7.1,5.9
6,Trey McBride,ARI,TE,2,SEA,10,8,80.0,41,1,9,4.1,5.1,0,0,,0,0,0,18.1,35.7,23.5,23.8
7,George Kittle,SF,TE,2,MIA,4,4,100.0,80,1,40,20.0,20.0,0,0,,0,0,0,18.0,18.2,8.5,8.3
8,Terrance Ferguson,LAR,TE,2,NYG,9,6,66.7,54,1,20,6.0,9.0,0,0,,0,0,0,17.4,29.0,12.0,15.8
9,Sam LaPorta,DET,TE,2,BUF,7,6,85.7,52,1,18,7.4,8.7,0,0,,0,0,0,17.2,18.4,13.0,12.1
10,Tyler Warren,IND,TE,2,KC,7,6,85.7,21,1,8,3.0,3.5,1,3,3.0,0,0,0,14.4,22.6,14.3,15.4
11,Nate Adkins,DEN,TE,2,JAX,3,3,100.0,32,1,18,10.7,10.7,1,6,6.0,0,0,0,12.8,9.7,8.2,7.4
12,Mark Andrews,BAL,TE,2,NO,7,6,85.7,49,0,14,7.0,8.2,0,0,,0,0,0,10.9,22.6,14.3,14.6
13,Juwan Johnson,NO,TE,2,BAL,4,4,100.0,66,0,25,16.5,16.5,0,0,,0,0,0,10.6,11.8,7.7,7.0
14,Harold Fannin Jr.,CLE,TE,2,TB,6,5,83.3,54,0,21,9.0,10.8,0,0,,0,0,0,10.4,20.0,10.6,11.5
15,Oronde Gadsden,LAC,TE,2,LV,2,2,100.0,18,1,10,9.0,9.0,0,0,,0,0,0,9.8,7.4,4.3,3.5
16,Cade Otton,TB,TE,2,CLE,6,5,83.3,38,0,13,6.3,7.6,0,0,,0,1,0,8.8,17.6,10.9,10.3
17,Blake Whiteheart,CLE,TE,2,TB,2,1,50.0,17,1,17,8.5,17.0,0,0,,0,0,0,8.7,6.7,2.1,3.8
18,Dawson Knox,BUF,TE,2,DET,2,2,100.0,5,1,4,2.5,2.5,0,0,,0,0,0,8.5,6.5,3.6,3.2
19,Isaiah Likely,NYG,TE,2,LAR,10,5,50.0,33,0,13,3.3,6.6,0,0,,0,0,0,8.3,31.2,14.7,20.4
20,AJ Barner,SEA,TE,2,ARI,1,1,100.0,8,0,8,8.0,8.0,1,1,1.0,1,0,0,7.9,3.8,3.4,3.1
21,Pat Freiermuth,PIT,TE,2,NE,5,4,80.0,32,0,9,6.4,8.0,1,2,2.0,0,0,0,7.4,12.5,11.1,10.2
22,Hunter Henry,NE,TE,2,PIT,5,3,60.0,40,0,29,8.0,13.3,0,0,,0,0,0,7.0,22.7,7.7,10.9
23,T.J. Hockenson,MIN,TE,2,CHI,4,3,75.0,29,0,19,7.2,9.7,0,0,,0,0,0,5.9,20.0,7.7,8.7
24,Foster Moreau,HOU,TE,2,CIN,2,2,100.0,34,0,25,17.0,17.0,0,0,,0,0,0,5.4,3.6,4.2,2.9
25,Michael Mayer,LV,TE,2,LAC,4,3,75.0,23,0,10,5.8,7.7,0,0,,0,0,0,5.3,13.8,6.4,7.4
26,Charlie Kolar,LAC,TE,2,LV,3,3,100.0,21,0,8,7.0,7.0,0,0,,0,0,0,5.1,11.1,6.4,5.3
27,Eli Raridon,NE,TE,2,PIT,1,1,100.0,30,0,30,30.0,30.0,0,0,,0,0,0,4.0,4.5,2.6,2.2
28,Austin Hooper,ATL,TE,2,CAR,4,2,50.0,20,0,13,5.0,10.0,0,0,,0,0,0,4.0,12.5,4.2,7.0
29,Kenyon Sadiq,NYJ,TE,2,GB,3,2,66.7,17,0,12,5.7,8.5,0,0,,0,0,0,3.7,7.3,3.7,4.8
30,Brenton Strange,JAX,TE,2,DEN,2,2,100.0,17,0,14,8.5,8.5,0,0,,0,0,0,3.7,6.9,4.9,3.8
31,Greg Dulcich,MIA,TE,2,SF,3,2,66.7,17,0,11,5.7,8.5,0,0,,0,0,0,3.7,13.0,4.8,6.0
32,Colby Parkinson,LAR,TE,2,NYG,2,2,100.0,15,0,8,7.5,7.5,0,0,,0,0,0,3.5,6.5,4.0,3.5
33,Tucker Kraft,GB,TE,2,NYJ,3,2,66.7,15,0,10,5.0,7.5,0,0,,0,1,0,3.5,10.3,6.1,6.7
34,Josh Oliver,MIN,TE,2,CHI,1,1,100.0,24,0,24,24.0,24.0,0,0,,0,0,0,3.4,5.0,2.6,2.2
35,Gunnar Helm,TEN,TE,2,PHI,2,2,100.0,13,0,8,6.5,6.5,0,0,,0,0,0,3.3,10.0,4.8,4.3
36,Johnny Mundt,PHI,TE,2,TEN,3,2,66.7,8,0,6,2.7,4.0,0,0,,0,0,0,2.8,8.1,3.7,4.8
37,Evan Engram,DEN,TE,2,JAX,1,1,100.0,17,0,17,17.0,17.0,0,0,,0,0,0,2.7,3.2,2.0,1.9
38,Elijah Arroyo,SEA,TE,2,ARI,1,1,100.0,17,0,17,17.0,17.0,0,0,,0,0,0,2.7,3.8,1.7,1.5
39,Jeremy Ruckert,NYJ,TE,2,GB,2,2,100.0,5,0,5,2.5,2.5,0,0,,0,0,0,2.5,4.9,3.7,3.2
40,Kyle Pitts Sr.,ATL,TE,2,CAR,3,1,33.3,15,0,15,5.0,15.0,0,0,,0,0,0,2.5,9.4,2.1,5.3
41,Erick All Jr.,CIN,TE,2,HOU,3,2,66.7,5,0,5,1.7,2.5,0,0,,0,0,0,2.5,9.7,4.9,5.9
42,Colson Yankoff,WAS,TE,2,DAL,1,1,100.0,14,0,14,14.0,14.0,0,0,,0,0,0,2.4,3.0,1.8,1.5
43,Mitchell Evans,CAR,TE,2,ATL,1,1,100.0,13,0,13,13.0,13.0,0,0,,0,0,0,2.3,2.8,2.4,2.0
44,Ian Thomas,LV,TE,2,LAC,1,1,100.0,11,0,11,11.0,11.0,0,0,,0,0,0,2.1,3.4,2.1,1.9
45,Sam Roush,CHI,TE,2,MIN,3,1,33.3,9,0,9,3.0,9.0,0,0,,0,0,0,1.9,8.6,2.0,4.8
46,David Njoku,LAC,TE,2,LV,3,1,33.3,9,0,9,3.0,9.0,0,0,,0,0,0,1.9,11.1,2.1,5.3
47,Oscar Delp,NO,TE,2,BAL,1,1,100.0,8,0,8,8.0,8.0,0,0,,0,0,0,1.8,2.9,1.9,1.8
48,Davis Allen,LAR,TE,2,NYG,1,1,100.0,7,0,7,7.0,7.0,0,0,,0,0,0,1.7,3.2,2.0,1.8
49,Quintin Morris,JAX,TE,2,DEN,1,1,100.0,7,0,7,7.0,7.0,0,0,,0,0,0,1.7,3.4,2.4,1.9
50,Darnell Washington,PIT,TE,2,NE,2,1,50.0,7,0,7,3.5,7.0,0,0,,0,0,0,1.7,5.0,2.2,3.4
51,Ben Sinnott,WAS,TE,2,DAL,1,1,100.0,6,0,6,6.0,6.0,0,0,,0,0,0,1.6,3.0,1.8,1.5
52,Tommy Tremble,CAR,TE,2,ATL,2,1,50.0,4,0,4,2.0,4.0,0,0,,0,1,0,1.4,5.6,2.4,3.9
53,Will Kacmarek,MIA,TE,2,SF,1,1,100.0,4,0,4,4.0,4.0,0,0,,0,0,0,1.4,4.3,2.4,2.0
54,Dallas Goedert,PHI,TE,2,TEN,3,1,33.3,4,0,4,1.3,4.0,0,0,,0,0,0,1.4,8.1,1.9,4.8
55,Colston Loveland,CHI,TE,2,MIN,3,1,33.3,3,0,3,1.0,3.0,0,0,,0,0,0,1.3,8.6,2.0,4.8
56,Jake Briningstool,KC,TE,2,IND,0,0,,0,0,0,,,0,0,,0,0,0,0.0,0.0,0.0,0.0
57,Robert Tonyan,PIT,TE,2,NE,0,0,,0,0,0,,,0,0,,0,0,0,0.0,0.0,0.0,0.0
58,Feleipe Franks,CAR,TE,2,ATL,0,0,,0,0,0,,,0,0,,0,0,0,0.0,0.0,0.0,0.0
59,Charlie Woerner,ATL,TE,2,CAR,1,0,0.0,0,0,0,0.0,,0,0,,0,0,0,0.0,3.1,0.0,1.8
60,Nick Muse,ATL,TE,2,CAR,0,0,,0,0,0,,,0,0,,0,0,0,0.0,0.0,0.0,0.0
61,Gavin Bartholomew,MIN,TE,2,CHI,0,0,,0,0,0,,,0,0,,0,0,0,0.0,0.0,0.0,0.0
62,Cole Kmet,CHI,TE,2,MIN,1,0,0.0,0,0,0,0.0,,0,0,,0,0,0,0.0,2.9,0.0,1.6
63,Jonnu Smith,GB,TE,2,NYJ,0,0,,0,0,0,,,0,0,,0,0,0,0.0,0.0,0.0,0.0
64,Mark Redman,GB,TE,2,NYJ,0,0,,0,0,0,,,0,0,,0,0,0,0.0,0.0,0.0,0.0
65,Jelani Woods,NYJ,TE,2,GB,0,0,,0,0,0,,,0,0,,0,0,0,0.0,0.0,0.0,0.0
66,Mason Taylor,NYJ,TE,2,GB,0,0,,0,0,0,,,0,0,,0,0,0,0.0,0.0,0.0,0.0
67,Josh Whyle,GB,TE,2,NYJ,0,0,,0,0,0,,,0,0,,0,0,0,0.0,0.0,0.0,0.0
68,Ko Kieft,TB,TE,2,CLE,0,0,,0,0,0,,,0,0,,0,0,0,0.0,0.0,0.0,0.0
69,Payne Durham,TB,TE,2,CLE,0,0,,0,0,0,,,0,0,,0,0,0,0.0,0.0,0.0,0.0
70,Bauer Sharp,TB,TE,2,CLE,0,0,,0,0,0,,,0,0,,0,0,0,0.0,0.0,0.0,0.0
71,Carsen Ryan,CLE,TE,2,TB,0,0,,0,0,0,,,0,0,,0,0,0,0.0,0.0,0.0,0.0
72,Treyton Welch,NO,TE,2,BAL,0,0,,0,0,0,,,0,0,,0,0,0,0.0,0.0,0.0,0.0
73,Noah Fant,NO,TE,2,BAL,0,0,,0,0,0,,,0,0,,0,0,0,0.0,0.0,0.0,0.0
74,Durham Smythe,BAL,TE,2,NO,1,0,0.0,0,0,0,0.0,,0,0,,0,0,0,0.0,3.2,0.0,2.1
75,Matt Hibner,BAL,TE,2,NO,0,0,,0,0,0,,,0,0,,0,0,0,0.0,0.0,0.0,0.0
76,Josh Cuevas,BAL,TE,2,NO,0,0,,0,0,0,,,0,0,,0,0,0,0.0,0.0,0.0,0.0
77,Brayden Willis,SF,TE,2,MIA,0,0,,0,0,0,,,0,0,,0,0,0,0.0,0.0,0.0,0.0
78,Luke Farrell,SF,TE,2,MIA,0,0,,0,0,0,,,0,0,,0,0,0,0.0,0.0,0.0,0.0
79,Seydou Traore,MIA,TE,2,SF,0,0,,0,0,0,,,0,0,,0,0,0,0.0,0.0,0.0,0.0
80,Max Klare,LAR,TE,2,NYG,0,0,,0,0,0,,,0,0,,0,0,0,0.0,0.0,0.0,0.0
81,Chris Manhertz,NYG,TE,2,LAR,0,0,,0,0,0,,,0,0,,0,0,0,0.0,0.0,0.0,0.0
82,Theo Johnson,NYG,TE,2,LAR,4,0,0.0,0,0,0,0.0,,0,0,,0,0,0,0.0,12.5,0.0,8.2
83,Tyler Higbee,LAR,TE,2,NYG,0,0,,0,0,0,,,0,0,,0,0,0,0.0,0.0,0.0,0.0
84,David Martin-Robinson,TEN,TE,2,PHI,0,0,,0,0,0,,,0,0,,0,0,0,0.0,0.0,0.0,0.0
85,Daniel Bellinger,TEN,TE,2,PHI,1,0,0.0,0,0,0,0.0,,0,0,,0,0,0,0.0,5.0,0.0,2.2
86,E.J. Jenkins,PHI,TE,2,TEN,0,0,,0,0,0,,,0,0,,0,0,0,0.0,0.0,0.0,0.0
87,Luke Schoonmaker,DAL,TE,2,WAS,0,0,,0,0,0,,,0,0,,0,0,0,0.0,0.0,0.0,0.0
88,Brevyn Spann-Ford,DAL,TE,2,WAS,0,0,,0,0,0,,,0,0,,0,0,0,0.0,0.0,0.0,0.0
89,John Bates,WAS,TE,2,DAL,0,0,,0,0,0,,,0,0,,0,0,0,0.0,0.0,0.0,0.0
90,Adam Trautman,DEN,TE,2,JAX,0,0,,0,0,0,,,0,0,,0,0,0,0.0,0.0,0.0,0.0
91,Nate Boerkircher,JAX,TE,2,DEN,0,0,,0,0,0,,,0,0,,0,0,0,0.0,0.0,0.0,0.0
92,Jack Endries,CIN,TE,2,HOU,0,0,,0,0,0,,,0,0,,0,0,0,0.0,0.0,0.0,0.0
93,Drew Sample,CIN,TE,2,HOU,0,0,,0,0,0,,,0,0,,0,0,0,0.0,0.0,0.0,0.0
94,Marlin Klein,HOU,TE,2,CIN,0,0,,0,0,0,,,0,0,,0,0,0,0.0,0.0,0.0,0.0
95,Cade Stover,HOU,TE,2,CIN,0,0,,0,0,0,,,0,0,,0,0,0,0.0,0.0,0.0,0.0
96,Mike Gesicki,CIN,TE,2,HOU,0,0,,0,0,0,,,0,0,,0,0,0,0.0,0.0,0.0,0.0
97,Jackson Hawes,BUF,TE,2,DET,0,0,,0,0,0,,,0,0,,0,0,0,0.0,0.0,0.0,0.0
98,Keleki Latu,BUF,TE,2,DET,0,0,,0,0,0,,,0,0,,0,0,0,0.0,0.0,0.0,0.0
99,Brock Wright,DET,TE,2,BUF,0,0,,0,0,0,,,0,0,,0,0,0,0.0,0.0,0.0,0.0
100,Jackson Meeks,DET,TE,2,BUF,0,0,,0,0,0,,,0,0,,0,0,0,0.0,0.0,0.0,0.0
