Team,Week,Opponent,GameLocation
ARI,1,LAC,Away
ARI,2,SEA,Home
ARI,3,SF,Away
ARI,4,NYG,Away
ARI,5,DET,Home
ARI,6,LAR,Away
ARI,7,DEN,Home
ARI,8,DAL,Away
ARI,9,SEA,Away
ARI,10,LAR,Home
ARI,11,KC,Away
ARI,12,WAS,Home
ARI,13,PHI,Home
ARI,14,BYE,Home
ARI,15,NYJ,Home
ARI,16,NO,Away
ARI,17,LV,Home
ARI,18,SF,Home
ATL,1,PIT,Away
ATL,2,CAR,Home
ATL,3,GB,Away
ATL,4,NO,Away
ATL,5,BAL,Home
ATL,6,CHI,Home
ATL,7,SF,Home
ATL,8,TB,Away
ATL,9,CIN,Home
ATL,10,KC,Home
ATL,11,BYE,Home
ATL,12,MIN,Away
ATL,13,DET,Home
ATL,14,CLE,Away
ATL,15,WAS,Away
ATL,16,TB,Home
ATL,17,NO,Home
ATL,18,CAR,Away
BAL,1,IND,Away
BAL,2,NO,Home
BAL,3,DAL,Away
BAL,4,TEN,Home
BAL,5,ATL,Away
BAL,6,CLE,Away
BAL,7,CIN,Home
BAL,8,BUF,Away
BAL,9,JAX,Home
BAL,10,LAC,Away
BAL,11,CAR,Away
BAL,12,HOU,Away
BAL,13,BYE,Home
BAL,14,TB,Home
BAL,15,PIT,Away
BAL,16,CLE,Home
BAL,17,CIN,Away
BAL,18,PIT,Home
BUF,1,HOU,Away
BUF,2,DET,Home
BUF,3,LAC,Home
BUF,4,NE,Home
BUF,5,LAR,Away
BUF,6,LV,Away
BUF,7,BYE,Home
BUF,8,BAL,Home
BUF,9,MIN,Away
BUF,10,NYJ,Away
BUF,11,MIA,Home
BUF,12,KC,Home
BUF,13,NE,Away
BUF,14,GB,Away
BUF,15,CHI,Home
BUF,16,DEN,Away
BUF,17,MIA,Away
BUF,18,NYJ,Home
CAR,1,CHI,Home
CAR,2,ATL,Away
CAR,3,CLE,Away
CAR,4,DET,Home
CAR,5,BYE,Home
CAR,6,PHI,Away
CAR,7,TB,Home
CAR,8,GB,Away
CAR,9,DEN,Home
CAR,10,NO,Away
CAR,11,BAL,Home
CAR,12,TB,Away
CAR,13,MIN,Away
CAR,14,NO,Home
CAR,15,CIN,Home
CAR,16,PIT,Away
CAR,17,SEA,Home
CAR,18,ATL,Home
CHI,1,CAR,Away
CHI,2,MIN,Home
CHI,3,PHI,Home
CHI,4,NYJ,Home
CHI,5,GB,Away
CHI,6,ATL,Away
CHI,7,NE,Home
CHI,8,SEA,Away
CHI,9,TB,Home
CHI,10,BYE,Home
CHI,11,NO,Home
CHI,12,DET,Away
CHI,13,JAX,Home
CHI,14,MIA,Away
CHI,15,BUF,Away
CHI,16,GB,Home
CHI,17,DET,Home
CHI,18,MIN,Away
CIN,1,TB,Home
CIN,2,HOU,Away
CIN,3,PIT,Away
CIN,4,JAX,Home
CIN,5,MIA,Away
CIN,6,BYE,Home
CIN,7,BAL,Away
CIN,8,TEN,Home
CIN,9,ATL,Away
CIN,10,PIT,Home
CIN,11,WAS,Away
CIN,12,NO,Home
CIN,13,CLE,Away
CIN,14,KC,Home
CIN,15,CAR,Away
CIN,16,IND,Away
CIN,17,BAL,Home
CIN,18,CLE,Home
CLE,1,JAX,Away
CLE,2,TB,Away
CLE,3,CAR,Home
CLE,4,PIT,Home
CLE,5,NYJ,Away
CLE,6,BAL,Home
CLE,7,TEN,Away
CLE,8,PIT,Away
CLE,9,NO,Away
CLE,10,HOU,Home
CLE,11,BYE,Home
CLE,12,LV,Home
CLE,13,CIN,Home
CLE,14,ATL,Home
CLE,15,NYG,Away
CLE,16,BAL,Away
CLE,17,IND,Home
CLE,18,CIN,Away
DAL,1,NYG,Away
DAL,2,WAS,Home
DAL,3,BAL,Home
DAL,4,HOU,Away
DAL,5,TB,Home
DAL,6,GB,Away
DAL,7,PHI,Away
DAL,8,ARI,Home
DAL,9,IND,Away
DAL,10,SF,Home
DAL,11,TEN,Home
DAL,12,PHI,Home
DAL,13,SEA,Away
DAL,14,BYE,Home
DAL,15,LAR,Away
DAL,16,JAX,Home
DAL,17,NYG,Home
DAL,18,WAS,Away
DEN,1,KC,Away
DEN,2,JAX,Home
DEN,3,LAR,Home
DEN,4,SF,Away
DEN,5,LAC,Away
DEN,6,SEA,Home
DEN,7,ARI,Away
DEN,8,KC,Home
DEN,9,CAR,Away
DEN,10,BYE,Home
DEN,11,LV,Home
DEN,12,PIT,Away
DEN,13,MIA,Home
DEN,14,NYJ,Away
DEN,15,LV,Away
DEN,16,BUF,Home
DEN,17,NE,Away
DEN,18,LAC,Home
DET,1,NO,Home
DET,2,BUF,Away
DET,3,NYJ,Home
DET,4,CAR,Away
DET,5,ARI,Away
DET,6,BYE,Home
DET,7,GB,Home
DET,8,MIN,Home
DET,9,MIA,Away
DET,10,NE,Home
DET,11,TB,Home
DET,12,CHI,Home
DET,13,ATL,Away
DET,14,TEN,Home
DET,15,MIN,Away
DET,16,NYG,Home
DET,17,CHI,Away
DET,18,GB,Away
GB,1,MIN,Away
GB,2,NYJ,Away
GB,3,ATL,Home
GB,4,TB,Away
GB,5,CHI,Home
GB,6,DAL,Home
GB,7,DET,Away
GB,8,CAR,Home
GB,9,NE,Away
GB,10,MIN,Home
GB,11,BYE,Home
GB,12,LAR,Away
GB,13,NO,Away
GB,14,BUF,Home
GB,15,MIA,Home
GB,16,CHI,Away
GB,17,HOU,Home
GB,18,DET,Home
HOU,1,BUF,Home
HOU,2,CIN,Home
HOU,3,IND,Away
HOU,4,DAL,Home
HOU,5,TEN,Away
HOU,6,JAX,Away
HOU,7,NYG,Home
HOU,8,BYE,Home
HOU,9,LAC,Away
HOU,10,CLE,Away
HOU,11,IND,Home
HOU,12,BAL,Home
HOU,13,PIT,Away
HOU,14,WAS,Away
HOU,15,JAX,Home
HOU,16,PHI,Away
HOU,17,GB,Away
HOU,18,TEN,Home
IND,1,BAL,Home
IND,2,KC,Away
IND,3,HOU,Home
IND,4,WAS,Away
IND,5,PIT,Away
IND,6,TEN,Home
IND,7,MIN,Away
IND,8,JAX,Away
IND,9,DAL,Home
IND,10,MIA,Home
IND,11,HOU,Away
IND,12,NYG,Home
IND,13,BYE,Home
IND,14,PHI,Away
IND,15,TEN,Away
IND,16,CIN,Home
IND,17,CLE,Away
IND,18,JAX,Home
JAX,1,CLE,Home
JAX,2,DEN,Away
JAX,3,NE,Home
JAX,4,CIN,Away
JAX,5,PHI,Home
JAX,6,HOU,Home
JAX,7,BYE,Home
JAX,8,IND,Home
JAX,9,BAL,Away
JAX,10,TEN,Away
JAX,11,NYG,Away
JAX,12,TEN,Home
JAX,13,CHI,Away
JAX,14,PIT,Home
JAX,15,HOU,Away
JAX,16,DAL,Away
JAX,17,WAS,Home
JAX,18,IND,Away
KC,1,DEN,Home
KC,2,IND,Home
KC,3,MIA,Away
KC,4,LV,Away
KC,5,BYE,Home
KC,6,LAC,Home
KC,7,SEA,Away
KC,8,DEN,Away
KC,9,NYJ,Home
KC,10,ATL,Away
KC,11,ARI,Home
KC,12,BUF,Away
KC,13,LAR,Away
KC,14,CIN,Away
KC,15,NE,Home
KC,16,SF,Home
KC,17,LAC,Away
KC,18,LV,Home
LAC,1,ARI,Home
LAC,2,LV,Home
LAC,3,BUF,Away
LAC,4,SEA,Away
LAC,5,DEN,Home
LAC,6,KC,Away
LAC,7,BYE,Home
LAC,8,LAR,Away
LAC,9,HOU,Home
LAC,10,BAL,Home
LAC,11,NYJ,Home
LAC,12,NE,Home
LAC,13,TB,Away
LAC,14,LV,Away
LAC,15,SF,Home
LAC,16,MIA,Away
LAC,17,KC,Home
LAC,18,DEN,Away
LAR,1,SF,Home
LAR,2,NYG,Home
LAR,3,DEN,Away
LAR,4,PHI,Away
LAR,5,BUF,Home
LAR,6,ARI,Home
LAR,7,LV,Away
LAR,8,LAC,Home
LAR,9,WAS,Away
LAR,10,ARI,Away
LAR,11,BYE,Home
LAR,12,GB,Home
LAR,13,KC,Home
LAR,14,SF,Away
LAR,15,DAL,Home
LAR,16,SEA,Away
LAR,17,TB,Away
LAR,18,SEA,Home
LV,1,MIA,Home
LV,2,LAC,Away
LV,3,NO,Away
LV,4,KC,Home
LV,5,NE,Away
LV,6,BUF,Home
LV,7,LAR,Home
LV,8,NYJ,Away
LV,9,SF,Away
LV,10,SEA,Home
LV,11,DEN,Away
LV,12,CLE,Away
LV,13,BYE,Home
LV,14,LAC,Home
LV,15,DEN,Home
LV,16,TEN,Home
LV,17,ARI,Away
LV,18,KC,Away
MIA,1,LV,Away
MIA,2,SF,Away
MIA,3,KC,Home
MIA,4,MIN,Away
MIA,5,CIN,Home
MIA,6,BYE,Home
MIA,7,NYJ,Away
MIA,8,NE,Home
MIA,9,DET,Home
MIA,10,IND,Away
MIA,11,BUF,Away
MIA,12,NYJ,Home
MIA,13,DEN,Away
MIA,14,CHI,Home
MIA,15,GB,Away
MIA,16,LAC,Home
MIA,17,BUF,Home
MIA,18,NE,Away
MIN,1,GB,Home
MIN,2,CHI,Away
MIN,3,TB,Away
MIN,4,MIA,Home
MIN,5,NO,Away
MIN,6,BYE,Home
MIN,7,IND,Home
MIN,8,DET,Away
MIN,9,BUF,Home
MIN,10,GB,Away
MIN,11,SF,Away
MIN,12,ATL,Home
MIN,13,CAR,Home
MIN,14,NE,Away
MIN,15,DET,Home
MIN,16,WAS,Home
MIN,17,NYJ,Away
MIN,18,CHI,Home
NE,1,SEA,Away
NE,2,PIT,Home
NE,3,JAX,Away
NE,4,BUF,Away
NE,5,LV,Home
NE,6,NYJ,Home
NE,7,CHI,Away
NE,8,MIA,Away
NE,9,GB,Home
NE,10,DET,Away
NE,11,BYE,Home
NE,12,LAC,Away
NE,13,BUF,Home
NE,14,MIN,Home
NE,15,KC,Away
NE,16,NYJ,Away
NE,17,DEN,Home
NE,18,MIA,Home
NO,1,DET,Away
NO,2,BAL,Away
NO,3,LV,Home
NO,4,ATL,Home
NO,5,MIN,Home
NO,6,NYG,Away
NO,7,PIT,Home
NO,8,BYE,Home
NO,9,CLE,Home
NO,10,CAR,Home
NO,11,CHI,Away
NO,12,CIN,Away
NO,13,GB,Home
NO,14,CAR,Away
NO,15,TB,Away
NO,16,ARI,Home
NO,17,ATL,Away
NO,18,TB,Home
NYG,1,DAL,Home
NYG,2,LAR,Away
NYG,3,TEN,Home
NYG,4,ARI,Home
NYG,5,WAS,Away
NYG,6,NO,Home
NYG,7,HOU,Away
NYG,8,BYE,Home
NYG,9,PHI,Away
NYG,10,WAS,Home
NYG,11,JAX,Home
NYG,12,IND,Away
NYG,13,SF,Home
NYG,14,SEA,Away
NYG,15,CLE,Home
NYG,16,DET,Away
NYG,17,DAL,Away
NYG,18,PHI,Home
NYJ,1,TEN,Away
NYJ,2,GB,Home
NYJ,3,DET,Away
NYJ,4,CHI,Away
NYJ,5,CLE,Home
NYJ,6,NE,Away
NYJ,7,MIA,Home
NYJ,8,LV,Home
NYJ,9,KC,Away
NYJ,10,BUF,Home
NYJ,11,LAC,Away
NYJ,12,MIA,Away
NYJ,13,BYE,Home
NYJ,14,DEN,Home
NYJ,15,ARI,Away
NYJ,16,NE,Home
NYJ,17,MIN,Home
NYJ,18,BUF,Away
PHI,1,WAS,Home
PHI,2,TEN,Away
PHI,3,CHI,Away
PHI,4,LAR,Home
PHI,5,JAX,Away
PHI,6,CAR,Home
PHI,7,DAL,Home
PHI,8,WAS,Away
PHI,9,NYG,Home
PHI,10,BYE,Home
PHI,11,PIT,Home
PHI,12,DAL,Away
PHI,13,ARI,Away
PHI,14,IND,Home
PHI,15,SEA,Home
PHI,16,HOU,Home
PHI,17,SF,Away
PHI,18,NYG,Away
PIT,1,ATL,Home
PIT,2,NE,Away
PIT,3,CIN,Home
PIT,4,CLE,Away
PIT,5,IND,Home
PIT,6,TB,Away
PIT,7,NO,Away
PIT,8,CLE,Home
PIT,9,BYE,Home
PIT,10,CIN,Away
PIT,11,PHI,Away
PIT,12,DEN,Home
PIT,13,HOU,Home
PIT,14,JAX,Away
PIT,15,BAL,Home
PIT,16,CAR,Home
PIT,17,TEN,Away
PIT,18,BAL,Away
SEA,1,NE,Home
SEA,2,ARI,Away
SEA,3,WAS,Away
SEA,4,LAC,Home
SEA,5,SF,Home
SEA,6,DEN,Away
SEA,7,KC,Home
SEA,8,CHI,Home
SEA,9,ARI,Home
SEA,10,LV,Away
SEA,11,BYE,Home
SEA,12,SF,Away
SEA,13,DAL,Home
SEA,14,NYG,Home
SEA,15,PHI,Away
SEA,16,LAR,Home
SEA,17,CAR,Away
SEA,18,LAR,Away
SF,1,LAR,Away
SF,2,MIA,Home
SF,3,ARI,Home
SF,4,DEN,Home
SF,5,SEA,Away
SF,6,WAS,Home
SF,7,ATL,Away
SF,8,BYE,Home
SF,9,LV,Home
SF,10,DAL,Away
SF,11,MIN,Home
SF,12,SEA,Home
SF,13,NYG,Away
SF,14,LAR,Home
SF,15,LAC,Away
SF,16,KC,Away
SF,17,PHI,Home
SF,18,ARI,Away
TB,1,CIN,Away
TB,2,CLE,Home
TB,3,MIN,Home
TB,4,GB,Home
TB,5,DAL,Away
TB,6,PIT,Home
TB,7,CAR,Away
TB,8,ATL,Home
TB,9,CHI,Away
TB,10,BYE,Home
TB,11,DET,Away
TB,12,CAR,Home
TB,13,LAC,Home
TB,14,BAL,Away
TB,15,NO,Home
TB,16,ATL,Away
TB,17,LAR,Home
TB,18,NO,Away
TEN,1,NYJ,Home
TEN,2,PHI,Home
TEN,3,NYG,Away
TEN,4,BAL,Away
TEN,5,HOU,Home
TEN,6,IND,Away
TEN,7,CLE,Home
TEN,8,CIN,Away
TEN,9,BYE,Home
TEN,10,JAX,Home
TEN,11,DAL,Away
TEN,12,JAX,Away
TEN,13,WAS,Home
TEN,14,DET,Away
TEN,15,IND,Home
TEN,16,LV,Away
TEN,17,PIT,Home
TEN,18,HOU,Away
WAS,1,PHI,Away
WAS,2,DAL,Away
WAS,3,SEA,Home
WAS,4,IND,Home
WAS,5,NYG,Home
WAS,6,SF,Away
WAS,7,BYE,Home
WAS,8,PHI,Home
WAS,9,LAR,Home
WAS,10,NYG,Away
WAS,11,CIN,Home
WAS,12,ARI,Away
WAS,13,TEN,Away
WAS,14,HOU,Home
WAS,15,ATL,Home
WAS,16,MIN,Away
WAS,17,JAX,Away
WAS,18,DAL,Home
